{"devicePlatform":"","logFolder":"C:\\Users\\Dikshita\\git\\imscanredev\\Reports\\Presentation\\20180410_114929","runData":{"hostName":"Dikshita - RSSPL43.Remote.local","os":"Windows 10 64bit","katalonVersion":"5.3.1.1","browser":"Chrome 65.0.3325.181","hostAddress":"192.168.25.135","sessionId":"4d4265ca4ad24b30e0476d9f20c8829d","seleniumVersion":"3.7.1","proxyInformation":"ProxyInformation{proxyOption\u003dNO_PROXY, proxyServerType\u003dHTTP, password\u003d, proxyServerAddress\u003d, proxyServerPort\u003d0}","platform":"Windows 10"},"type":"TEST_SUITE","name":"Presentation","id":"Test Suites/Presentation","source":"","message":"Test Cases/Smoke/TC-1 Creating a new Department FAILED because (of) Unable to verify object \u0027Object Repository/Create_a_New_Dept/verifyDisplayedOrNot/td_Law1\u0027 is present (Root cause: com.kms.katalon.core.webui.exception.WebElementNotFoundException: Web element with id: \u0027Object Repository/Create_a_New_Dept/verifyDisplayedOrNot/td_Law1\u0027 located by \u0027By.xpath: //td[(text() \u003d \u0027Law1\u0027 or . \u003d \u0027Law1\u0027)]\u0027 not found)","description":"","startTime":1523341172379,"endTime":1523341318648,"childRecords":[{"isOptional":false,"type":"TEST_CASE","name":"Test Cases/Smoke/TC-09","id":"Test Cases/Smoke/TC-09","source":"C:\\\\Users\\\\Dikshita\\\\git\\\\imscanredev\\\\Test Cases\\\\Smoke\\\\TC-09.tc","message":"Invoke \u0027com.kms.katalon.core.annotation.AfterTestCase\u0027 method: \u0027ImScan.AfterTestCaseCloseBrowser(...)\u0027 completed.","description":"","startTime":1523341172807,"endTime":1523341191769,"childRecords":[{"testStatus":{"stackTrace":"","statusValue":"INFO"},"type":"MESSAGE","name":"","message":"Evaluating variables for test case","startTime":1523341172849,"endTime":0,"childRecords":[],"interuppted":false},{"index":-1,"isIgnoredIfFailed":false,"type":"TEST_STEP","name":"Start listener action : BeforeTestCaseOpenBrowser","message":"Invoke \u0027com.kms.katalon.core.annotation.BeforeTestCase\u0027 method: \u0027ImScan.BeforeTestCaseOpenBrowser(...)\u0027 completed.","description":"","startTime":1523341172852,"endTime":1523341182044,"childRecords":[{"index":1,"isIgnoredIfFailed":false,"type":"TEST_STEP","name":"openBrowser","message":"Browser is opened with url: \u0027http://192.168.30.101/CSSIMSCANUI/Login/Index\u0027","description":"","startTime":1523341172871,"endTime":1523341180821,"childRecords":[{"testStatus":{"stackTrace":"","statusValue":"PASSED"},"type":"MESSAGE","name":"","message":"Browser is opened with url: \u0027http://192.168.30.101/CSSIMSCANUI/Login/Index\u0027","startTime":1523341180819,"endTime":0,"childRecords":[],"interuppted":false}],"interuppted":false},{"index":2,"isIgnoredIfFailed":false,"type":"TEST_STEP","name":"maximizeWindow","message":"Current window maximized","description":"","startTime":1523341180823,"endTime":1523341182031,"childRecords":[{"testStatus":{"stackTrace":"","statusValue":"PASSED"},"type":"MESSAGE","name":"","message":"Current window maximized","startTime":1523341182030,"endTime":0,"childRecords":[],"interuppted":false}],"interuppted":false},{"index":3,"isIgnoredIfFailed":false,"type":"TEST_STEP","name":"Statement - TestID \u003d testCaseContext.getTestCaseId()","description":"","startTime":1523341182031,"endTime":1523341182036,"childRecords":[],"interuppted":false},{"index":4,"isIgnoredIfFailed":false,"type":"TEST_STEP","name":"Statement - println(TestID)","message":"Invoke \u0027com.kms.katalon.core.annotation.BeforeTestCase\u0027 method: \u0027ImScan.BeforeTestCaseOpenBrowser(...)\u0027 completed.","description":"","startTime":1523341182037,"endTime":1523341182044,"childRecords":[],"interuppted":false}],"interuppted":false},{"index":1,"isIgnoredIfFailed":false,"type":"TEST_STEP","name":"setText","message":"Text \u0027Dixita\u0027 is set on object \u0027Object Repository/Login/Page_IMSCAN/input_UserName\u0027","description":"","startTime":1523341182242,"endTime":1523341182465,"childRecords":[{"testStatus":{"stackTrace":"","statusValue":"PASSED"},"type":"MESSAGE","name":"","message":"Text \u0027Dixita\u0027 is set on object \u0027Object Repository/Login/Page_IMSCAN/input_UserName\u0027","startTime":1523341182464,"endTime":0,"childRecords":[],"interuppted":false}],"interuppted":false},{"index":2,"isIgnoredIfFailed":false,"type":"TEST_STEP","name":"setText","message":"Text \u0027Dixita456\u0027 is set on object \u0027Object Repository/Login/Page_IMSCAN/input_Password\u0027","description":"","startTime":1523341182465,"endTime":1523341182768,"childRecords":[{"testStatus":{"stackTrace":"","statusValue":"PASSED"},"type":"MESSAGE","name":"","message":"Text \u0027Dixita456\u0027 is set on object \u0027Object Repository/Login/Page_IMSCAN/input_Password\u0027","startTime":1523341182767,"endTime":0,"childRecords":[],"interuppted":false}],"interuppted":false},{"index":3,"isIgnoredIfFailed":false,"type":"TEST_STEP","name":"click","message":"Object: \u0027Object Repository/Login/Page_IMSCAN/button_Login\u0027 is clicked on","description":"","startTime":1523341182768,"endTime":1523341182965,"childRecords":[{"testStatus":{"stackTrace":"","statusValue":"PASSED"},"type":"MESSAGE","name":"","message":"Object: \u0027Object Repository/Login/Page_IMSCAN/button_Login\u0027 is clicked on","startTime":1523341182964,"endTime":0,"childRecords":[],"interuppted":false}],"interuppted":false},{"index":4,"isIgnoredIfFailed":false,"type":"TEST_STEP","name":"verifyElementPresent","message":"Object \u0027Object Repository/Create_a_New_Dept/VerfiyHomePageDisplayed\u0027 is present","description":"","startTime":1523341182965,"endTime":1523341183529,"childRecords":[{"testStatus":{"stackTrace":"","statusValue":"PASSED"},"type":"MESSAGE","name":"","message":"Object \u0027Object Repository/Create_a_New_Dept/VerfiyHomePageDisplayed\u0027 is present","startTime":1523341183529,"endTime":0,"childRecords":[],"interuppted":false}],"interuppted":false},{"index":5,"isIgnoredIfFailed":false,"type":"TEST_STEP","name":"delay","message":"Delayed 3 second(s)","description":"","startTime":1523341183530,"endTime":1523341186552,"childRecords":[{"testStatus":{"stackTrace":"","statusValue":"PASSED"},"type":"MESSAGE","name":"","message":"Delayed 3 second(s)","startTime":1523341186551,"endTime":0,"childRecords":[],"interuppted":false}],"interuppted":false},{"index":6,"isIgnoredIfFailed":false,"type":"TEST_STEP","name":"click","message":"Object: \u0027Object Repository/Create_a_New_Dept/ClickOnDepartments\u0027 is clicked on","description":"","startTime":1523341186552,"endTime":1523341186758,"childRecords":[{"testStatus":{"stackTrace":"","statusValue":"PASSED"},"type":"MESSAGE","name":"","message":"Object: \u0027Object Repository/Create_a_New_Dept/ClickOnDepartments\u0027 is clicked on","startTime":1523341186757,"endTime":0,"childRecords":[],"interuppted":false}],"interuppted":false},{"index":7,"isIgnoredIfFailed":false,"type":"TEST_STEP","name":"delay","message":"Delayed 2 second(s)","description":"","startTime":1523341186758,"endTime":1523341188762,"childRecords":[{"testStatus":{"stackTrace":"","statusValue":"PASSED"},"type":"MESSAGE","name":"","message":"Delayed 2 second(s)","startTime":1523341188761,"endTime":0,"childRecords":[],"interuppted":false}],"interuppted":false},{"index":8,"isIgnoredIfFailed":false,"type":"TEST_STEP","name":"click","message":"Object: \u0027Object Repository/Create_a_New_Dept/ClickOnCreateDept\u0027 is clicked on","description":"","startTime":1523341188764,"endTime":1523341188950,"childRecords":[{"testStatus":{"stackTrace":"","statusValue":"PASSED"},"type":"MESSAGE","name":"","message":"Object: \u0027Object Repository/Create_a_New_Dept/ClickOnCreateDept\u0027 is clicked on","startTime":1523341188949,"endTime":0,"childRecords":[],"interuppted":false}],"interuppted":false},{"index":9,"isIgnoredIfFailed":false,"type":"TEST_STEP","name":"waitForAlert","message":"No alert found after 2 second(s).","description":"","startTime":1523341188950,"endTime":1523341191020,"childRecords":[{"testStatus":{"stackTrace":"","statusValue":"WARNING"},"type":"MESSAGE","name":"","message":"No alert found after 2 second(s).","startTime":1523341191019,"endTime":0,"childRecords":[],"interuppted":false}],"interuppted":false},{"index":10,"isIgnoredIfFailed":false,"type":"TEST_STEP","name":"verifyElementVisible","message":"Object \u0027Object Repository/Create_a_New_Dept/CreateDeptPopup/PopUpforDept/h4_Create Department\u0027 is visible","description":"","startTime":1523341191020,"endTime":1523341191076,"childRecords":[{"testStatus":{"stackTrace":"","statusValue":"PASSED"},"type":"MESSAGE","name":"","message":"Object \u0027Object Repository/Create_a_New_Dept/CreateDeptPopup/PopUpforDept/h4_Create Department\u0027 is visible","startTime":1523341191075,"endTime":0,"childRecords":[],"interuppted":false}],"interuppted":false},{"index":11,"isIgnoredIfFailed":false,"type":"TEST_STEP","name":"setText","message":"Text \u002775\u0027 is set on object \u0027Object Repository/Create_a_New_Dept/CreateDeptPopup/PopUpforDept/input_Code\u0027","description":"","startTime":1523341191077,"endTime":1523341191216,"childRecords":[{"testStatus":{"stackTrace":"","statusValue":"PASSED"},"type":"MESSAGE","name":"","message":"Text \u002775\u0027 is set on object \u0027Object Repository/Create_a_New_Dept/CreateDeptPopup/PopUpforDept/input_Code\u0027","startTime":1523341191214,"endTime":0,"childRecords":[],"interuppted":false}],"interuppted":false},{"index":12,"isIgnoredIfFailed":false,"type":"TEST_STEP","name":"setText","message":"Text \u0027752\u0027 is set on object \u0027Object Repository/Create_a_New_Dept/CreateDeptPopup/PopUpforDept/input_Name\u0027","description":"","startTime":1523341191216,"endTime":1523341191359,"childRecords":[{"testStatus":{"stackTrace":"","statusValue":"PASSED"},"type":"MESSAGE","name":"","message":"Text \u0027752\u0027 is set on object \u0027Object Repository/Create_a_New_Dept/CreateDeptPopup/PopUpforDept/input_Name\u0027","startTime":1523341191358,"endTime":0,"childRecords":[],"interuppted":false}],"interuppted":false},{"index":13,"isIgnoredIfFailed":false,"type":"TEST_STEP","name":"click","message":"Object: \u0027Object Repository/Create_a_New_Dept/ClickOnSavePopup\u0027 is clicked on","description":"","startTime":1523341191359,"endTime":1523341191484,"childRecords":[{"testStatus":{"stackTrace":"","statusValue":"PASSED"},"type":"MESSAGE","name":"","message":"Object: \u0027Object Repository/Create_a_New_Dept/ClickOnSavePopup\u0027 is clicked on","startTime":1523341191483,"endTime":0,"childRecords":[],"interuppted":false}],"interuppted":false},{"index":14,"isIgnoredIfFailed":false,"type":"TEST_STEP","name":"focus","message":"Object: \u0027Object Repository/Create_a_New_Dept/AlreadyExistingDeptCode-DeptName\u0027 is focused","description":"","startTime":1523341191484,"endTime":1523341191632,"childRecords":[{"testStatus":{"stackTrace":"","statusValue":"PASSED"},"type":"MESSAGE","name":"","message":"Object: \u0027Object Repository/Create_a_New_Dept/AlreadyExistingDeptCode-DeptName\u0027 is focused","startTime":1523341191631,"endTime":0,"childRecords":[],"interuppted":false}],"interuppted":false},{"index":15,"isIgnoredIfFailed":false,"type":"TEST_STEP","name":"Statement - Try","description":"","startTime":1523341191632,"endTime":1523341191766,"childRecords":[{"index":1,"isIgnoredIfFailed":false,"type":"TEST_STEP","name":"Statement - Errormsg \u003d com.kms.katalon.core.webui.keyword.WebUiBuiltInKeywords.getText(com.kms.katalon.core.testobject.ObjectRepository.findTestObject(Object Repository/Create_a_New_Dept/AlreadyExistingDeptCode-DeptName))","message":"Text of object \u0027Object Repository/Create_a_New_Dept/AlreadyExistingDeptCode-DeptName\u0027 is: \u0027\u0027","description":"","startTime":1523341191633,"endTime":1523341191760,"childRecords":[{"testStatus":{"stackTrace":"","statusValue":"PASSED"},"type":"MESSAGE","name":"","message":"Text of object \u0027Object Repository/Create_a_New_Dept/AlreadyExistingDeptCode-DeptName\u0027 is: \u0027\u0027","startTime":1523341191758,"endTime":0,"childRecords":[],"interuppted":false}],"interuppted":false},{"index":2,"isIgnoredIfFailed":false,"type":"TEST_STEP","name":"Statement - println(Errormsg)","description":"","startTime":1523341191760,"endTime":1523341191765,"childRecords":[],"interuppted":false},{"index":3,"isIgnoredIfFailed":false,"type":"TEST_STEP","name":"Statement - println(\"Error Message has been Displayed\")","description":"","startTime":1523341191765,"endTime":1523341191766,"childRecords":[],"interuppted":false}],"interuppted":false},{"testStatus":{"stackTrace":"","statusValue":"PASSED"},"type":"MESSAGE","name":"","message":"Test Cases/Smoke/TC-09","startTime":1523341191767,"endTime":0,"childRecords":[],"interuppted":false},{"index":-1,"isIgnoredIfFailed":false,"type":"TEST_STEP","name":"Start listener action : AfterTestCaseCloseBrowser","message":"Invoke \u0027com.kms.katalon.core.annotation.AfterTestCase\u0027 method: \u0027ImScan.AfterTestCaseCloseBrowser(...)\u0027 completed.","description":"","startTime":1523341191767,"endTime":1523341191768,"childRecords":[],"interuppted":false}],"interuppted":false},{"isOptional":false,"type":"TEST_CASE","name":"Test Cases/Smoke/TC-1 Creating a new Department","id":"Test Cases/Smoke/TC-1 Creating a new Department","source":"C:\\\\Users\\\\Dikshita\\\\git\\\\imscanredev\\\\Test Cases\\\\Smoke\\\\TC-1 Creating a new Department.tc","message":"Test Cases/Smoke/TC-1 Creating a new Department FAILED because (of) Unable to verify object \u0027Object Repository/Create_a_New_Dept/verifyDisplayedOrNot/td_Law1\u0027 is present (Root cause: com.kms.katalon.core.webui.exception.WebElementNotFoundException: Web element with id: \u0027Object Repository/Create_a_New_Dept/verifyDisplayedOrNot/td_Law1\u0027 located by \u0027By.xpath: //td[(text() \u003d \u0027Law1\u0027 or . \u003d \u0027Law1\u0027)]\u0027 not found)","description":"","startTime":1523341191771,"endTime":1523341213670,"childRecords":[{"testStatus":{"stackTrace":"","statusValue":"INFO"},"type":"MESSAGE","name":"","message":"Evaluating variables for test case","startTime":1523341191793,"endTime":0,"childRecords":[],"interuppted":false},{"index":-1,"isIgnoredIfFailed":false,"type":"TEST_STEP","name":"Start listener action : BeforeTestCaseOpenBrowser","message":"Invoke \u0027com.kms.katalon.core.annotation.BeforeTestCase\u0027 method: \u0027ImScan.BeforeTestCaseOpenBrowser(...)\u0027 completed.","description":"","startTime":1523341191794,"endTime":1523341198343,"childRecords":[{"index":1,"isIgnoredIfFailed":false,"type":"TEST_STEP","name":"openBrowser","message":"Browser is opened with url: \u0027http://192.168.30.101/CSSIMSCANUI/Login/Index\u0027","description":"","startTime":1523341191795,"endTime":1523341197158,"childRecords":[{"testStatus":{"stackTrace":"","statusValue":"WARNING"},"type":"MESSAGE","name":"","message":"A browser is already opened. Closing browser and opening a new one","startTime":1523341191795,"endTime":0,"childRecords":[],"interuppted":false},{"testStatus":{"stackTrace":"","statusValue":"PASSED"},"type":"MESSAGE","name":"","message":"Browser is opened with url: \u0027http://192.168.30.101/CSSIMSCANUI/Login/Index\u0027","startTime":1523341197157,"endTime":0,"childRecords":[],"interuppted":false}],"interuppted":false},{"index":2,"isIgnoredIfFailed":false,"type":"TEST_STEP","name":"maximizeWindow","message":"Current window maximized","description":"","startTime":1523341197158,"endTime":1523341198339,"childRecords":[{"testStatus":{"stackTrace":"","statusValue":"PASSED"},"type":"MESSAGE","name":"","message":"Current window maximized","startTime":1523341198338,"endTime":0,"childRecords":[],"interuppted":false}],"interuppted":false},{"index":3,"isIgnoredIfFailed":false,"type":"TEST_STEP","name":"Statement - TestID \u003d testCaseContext.getTestCaseId()","description":"","startTime":1523341198340,"endTime":1523341198341,"childRecords":[],"interuppted":false},{"index":4,"isIgnoredIfFailed":false,"type":"TEST_STEP","name":"Statement - println(TestID)","message":"Invoke \u0027com.kms.katalon.core.annotation.BeforeTestCase\u0027 method: \u0027ImScan.BeforeTestCaseOpenBrowser(...)\u0027 completed.","description":"","startTime":1523341198341,"endTime":1523341198342,"childRecords":[],"interuppted":false}],"interuppted":false},{"index":1,"isIgnoredIfFailed":false,"type":"TEST_STEP","name":"setText","message":"Text \u0027Dixita\u0027 is set on object \u0027Object Repository/Login/Page_IMSCAN/input_UserName\u0027","description":"","startTime":1523341198518,"endTime":1523341198723,"childRecords":[{"testStatus":{"stackTrace":"","statusValue":"PASSED"},"type":"MESSAGE","name":"","message":"Text \u0027Dixita\u0027 is set on object \u0027Object Repository/Login/Page_IMSCAN/input_UserName\u0027","startTime":1523341198722,"endTime":0,"childRecords":[],"interuppted":false}],"interuppted":false},{"index":2,"isIgnoredIfFailed":false,"type":"TEST_STEP","name":"setText","message":"Text \u0027Dixita456\u0027 is set on object \u0027Object Repository/Login/Page_IMSCAN/input_Password\u0027","description":"","startTime":1523341198723,"endTime":1523341199022,"childRecords":[{"testStatus":{"stackTrace":"","statusValue":"PASSED"},"type":"MESSAGE","name":"","message":"Text \u0027Dixita456\u0027 is set on object \u0027Object Repository/Login/Page_IMSCAN/input_Password\u0027","startTime":1523341199021,"endTime":0,"childRecords":[],"interuppted":false}],"interuppted":false},{"index":3,"isIgnoredIfFailed":false,"type":"TEST_STEP","name":"click","message":"Object: \u0027Object Repository/Login/Page_IMSCAN/button_Login\u0027 is clicked on","description":"","startTime":1523341199022,"endTime":1523341199177,"childRecords":[{"testStatus":{"stackTrace":"","statusValue":"PASSED"},"type":"MESSAGE","name":"","message":"Object: \u0027Object Repository/Login/Page_IMSCAN/button_Login\u0027 is clicked on","startTime":1523341199176,"endTime":0,"childRecords":[],"interuppted":false}],"interuppted":false},{"index":4,"isIgnoredIfFailed":false,"type":"TEST_STEP","name":"verifyElementPresent","message":"Object \u0027Object Repository/Create_a_New_Dept/VerfiyHomePageDisplayed\u0027 is present","description":"","startTime":1523341199177,"endTime":1523341199721,"childRecords":[{"testStatus":{"stackTrace":"","statusValue":"PASSED"},"type":"MESSAGE","name":"","message":"Object \u0027Object Repository/Create_a_New_Dept/VerfiyHomePageDisplayed\u0027 is present","startTime":1523341199718,"endTime":0,"childRecords":[],"interuppted":false}],"interuppted":false},{"index":5,"isIgnoredIfFailed":false,"type":"TEST_STEP","name":"delay","message":"Delayed 3 second(s)","description":"","startTime":1523341199722,"endTime":1523341202725,"childRecords":[{"testStatus":{"stackTrace":"","statusValue":"PASSED"},"type":"MESSAGE","name":"","message":"Delayed 3 second(s)","startTime":1523341202724,"endTime":0,"childRecords":[],"interuppted":false}],"interuppted":false},{"index":6,"isIgnoredIfFailed":false,"type":"TEST_STEP","name":"click","message":"Object: \u0027Object Repository/Create_a_New_Dept/ClickOnDepartments\u0027 is clicked on","description":"","startTime":1523341202726,"endTime":1523341202959,"childRecords":[{"testStatus":{"stackTrace":"","statusValue":"PASSED"},"type":"MESSAGE","name":"","message":"Object: \u0027Object Repository/Create_a_New_Dept/ClickOnDepartments\u0027 is clicked on","startTime":1523341202958,"endTime":0,"childRecords":[],"interuppted":false}],"interuppted":false},{"index":7,"isIgnoredIfFailed":false,"type":"TEST_STEP","name":"delay","message":"Delayed 2 second(s)","description":"","startTime":1523341202959,"endTime":1523341204962,"childRecords":[{"testStatus":{"stackTrace":"","statusValue":"PASSED"},"type":"MESSAGE","name":"","message":"Delayed 2 second(s)","startTime":1523341204962,"endTime":0,"childRecords":[],"interuppted":false}],"interuppted":false},{"index":8,"isIgnoredIfFailed":false,"type":"TEST_STEP","name":"click","message":"Object: \u0027Object Repository/Create_a_New_Dept/ClickOnCreateDept\u0027 is clicked on","description":"","startTime":1523341204963,"endTime":1523341205109,"childRecords":[{"testStatus":{"stackTrace":"","statusValue":"PASSED"},"type":"MESSAGE","name":"","message":"Object: \u0027Object Repository/Create_a_New_Dept/ClickOnCreateDept\u0027 is clicked on","startTime":1523341205109,"endTime":0,"childRecords":[],"interuppted":false}],"interuppted":false},{"index":9,"isIgnoredIfFailed":false,"type":"TEST_STEP","name":"waitForAlert","message":"No alert found after 2 second(s).","description":"","startTime":1523341205110,"endTime":1523341207141,"childRecords":[{"testStatus":{"stackTrace":"","statusValue":"WARNING"},"type":"MESSAGE","name":"","message":"No alert found after 2 second(s).","startTime":1523341207140,"endTime":0,"childRecords":[],"interuppted":false}],"interuppted":false},{"index":10,"isIgnoredIfFailed":false,"type":"TEST_STEP","name":"verifyElementVisible","message":"Object \u0027Object Repository/Create_a_New_Dept/CreateDeptPopup/PopUpforDept/h4_Create Department\u0027 is visible","description":"","startTime":1523341207143,"endTime":1523341207207,"childRecords":[{"testStatus":{"stackTrace":"","statusValue":"PASSED"},"type":"MESSAGE","name":"","message":"Object \u0027Object Repository/Create_a_New_Dept/CreateDeptPopup/PopUpforDept/h4_Create Department\u0027 is visible","startTime":1523341207207,"endTime":0,"childRecords":[],"interuppted":false}],"interuppted":false},{"index":11,"isIgnoredIfFailed":false,"type":"TEST_STEP","name":"setText","message":"Text \u0027558\u0027 is set on object \u0027Object Repository/Create_a_New_Dept/CreateDeptPopup/PopUpforDept/input_Code\u0027","description":"","startTime":1523341207208,"endTime":1523341207392,"childRecords":[{"testStatus":{"stackTrace":"","statusValue":"PASSED"},"type":"MESSAGE","name":"","message":"Text \u0027558\u0027 is set on object \u0027Object Repository/Create_a_New_Dept/CreateDeptPopup/PopUpforDept/input_Code\u0027","startTime":1523341207391,"endTime":0,"childRecords":[],"interuppted":false}],"interuppted":false},{"index":12,"isIgnoredIfFailed":false,"type":"TEST_STEP","name":"setText","message":"Text \u0027Nial12\u0027 is set on object \u0027Object Repository/Create_a_New_Dept/CreateDeptPopup/PopUpforDept/input_Name\u0027","description":"","startTime":1523341207392,"endTime":1523341207546,"childRecords":[{"testStatus":{"stackTrace":"","statusValue":"PASSED"},"type":"MESSAGE","name":"","message":"Text \u0027Nial12\u0027 is set on object \u0027Object Repository/Create_a_New_Dept/CreateDeptPopup/PopUpforDept/input_Name\u0027","startTime":1523341207545,"endTime":0,"childRecords":[],"interuppted":false}],"interuppted":false},{"index":13,"isIgnoredIfFailed":false,"type":"TEST_STEP","name":"click","message":"Object: \u0027Object Repository/Create_a_New_Dept/ClickOnSavePopup\u0027 is clicked on","description":"","startTime":1523341207546,"endTime":1523341207645,"childRecords":[{"testStatus":{"stackTrace":"","statusValue":"PASSED"},"type":"MESSAGE","name":"","message":"Object: \u0027Object Repository/Create_a_New_Dept/ClickOnSavePopup\u0027 is clicked on","startTime":1523341207644,"endTime":0,"childRecords":[],"interuppted":false}],"interuppted":false},{"index":14,"isIgnoredIfFailed":false,"type":"TEST_STEP","name":"Statement - var1 \u003d com.kms.katalon.core.webui.keyword.WebUiBuiltInKeywords.setText(com.kms.katalon.core.testobject.ObjectRepository.findTestObject(Object Repository/Search/Search_Inspect), \"Nial12\")","message":"Text \u0027Nial12\u0027 is set on object \u0027Object Repository/Search/Search_Inspect\u0027","description":"","startTime":1523341207645,"endTime":1523341207840,"childRecords":[{"testStatus":{"stackTrace":"","statusValue":"PASSED"},"type":"MESSAGE","name":"","message":"Text \u0027Nial12\u0027 is set on object \u0027Object Repository/Search/Search_Inspect\u0027","startTime":1523341207839,"endTime":0,"childRecords":[],"interuppted":false}],"interuppted":false},{"attachment":"1523341213381.png","index":15,"isIgnoredIfFailed":false,"type":"TEST_STEP","name":"verifyElementPresent","message":"Unable to verify object \u0027Object Repository/Create_a_New_Dept/verifyDisplayedOrNot/td_Law1\u0027 is present (Root cause: com.kms.katalon.core.webui.exception.WebElementNotFoundException: Web element with id: \u0027Object Repository/Create_a_New_Dept/verifyDisplayedOrNot/td_Law1\u0027 located by \u0027By.xpath: //td[(text() \u003d \u0027Law1\u0027 or . \u003d \u0027Law1\u0027)]\u0027 not found)","description":"","startTime":1523341207841,"endTime":1523341213665,"childRecords":[{"testStatus":{"stackTrace":"","statusValue":"FAILED"},"attachment":"1523341213054.png","type":"MESSAGE","name":"","message":"com.kms.katalon.core.webui.exception.WebElementNotFoundException: Web element with id: \u0027Object Repository/Create_a_New_Dept/verifyDisplayedOrNot/td_Law1\u0027 located by \u0027By.xpath: //td[(text() \u003d \u0027Law1\u0027 or . \u003d \u0027Law1\u0027)]\u0027 not found","startTime":1523341213380,"endTime":0,"childRecords":[],"interuppted":false},{"testStatus":{"stackTrace":"","statusValue":"FAILED"},"attachment":"1523341213381.png","type":"MESSAGE","name":"","message":"Unable to verify object \u0027Object Repository/Create_a_New_Dept/verifyDisplayedOrNot/td_Law1\u0027 is present (Root cause: com.kms.katalon.core.webui.exception.WebElementNotFoundException: Web element with id: \u0027Object Repository/Create_a_New_Dept/verifyDisplayedOrNot/td_Law1\u0027 located by \u0027By.xpath: //td[(text() \u003d \u0027Law1\u0027 or . \u003d \u0027Law1\u0027)]\u0027 not found)","startTime":1523341213665,"endTime":0,"childRecords":[],"interuppted":false}],"interuppted":false},{"testStatus":{"stackTrace":"","statusValue":"FAILED"},"type":"MESSAGE","name":"","message":"Test Cases/Smoke/TC-1 Creating a new Department FAILED because (of) Unable to verify object \u0027Object Repository/Create_a_New_Dept/verifyDisplayedOrNot/td_Law1\u0027 is present (Root cause: com.kms.katalon.core.webui.exception.WebElementNotFoundException: Web element with id: \u0027Object Repository/Create_a_New_Dept/verifyDisplayedOrNot/td_Law1\u0027 located by \u0027By.xpath: //td[(text() \u003d \u0027Law1\u0027 or . \u003d \u0027Law1\u0027)]\u0027 not found)","startTime":1523341213666,"endTime":0,"childRecords":[],"interuppted":false},{"index":-1,"isIgnoredIfFailed":false,"type":"TEST_STEP","name":"Start listener action : AfterTestCaseCloseBrowser","message":"Invoke \u0027com.kms.katalon.core.annotation.AfterTestCase\u0027 method: \u0027ImScan.AfterTestCaseCloseBrowser(...)\u0027 completed.","description":"","startTime":1523341213668,"endTime":1523341213669,"childRecords":[],"interuppted":false}],"interuppted":false},{"isOptional":false,"type":"TEST_CASE","name":"Test Cases/Smoke/TC-143_Login_ValidLogin","id":"Test Cases/Smoke/TC-143_Login_ValidLogin","source":"C:\\\\Users\\\\Dikshita\\\\git\\\\imscanredev\\\\Test Cases\\\\Smoke\\\\TC-143_Login_ValidLogin.tc","message":"Invoke \u0027com.kms.katalon.core.annotation.AfterTestCase\u0027 method: \u0027ImScan.AfterTestCaseCloseBrowser(...)\u0027 completed.","description":"User is able to log into the application when valid credentials are passed and be directed to Home Page","startTime":1523341213674,"endTime":1523341220821,"childRecords":[{"testStatus":{"stackTrace":"","statusValue":"INFO"},"type":"MESSAGE","name":"","message":"Evaluating variables for test case","startTime":1523341213681,"endTime":0,"childRecords":[],"interuppted":false},{"index":-1,"isIgnoredIfFailed":false,"type":"TEST_STEP","name":"Start listener action : BeforeTestCaseOpenBrowser","message":"Invoke \u0027com.kms.katalon.core.annotation.BeforeTestCase\u0027 method: \u0027ImScan.BeforeTestCaseOpenBrowser(...)\u0027 completed.","description":"","startTime":1523341213682,"endTime":1523341219673,"childRecords":[{"index":1,"isIgnoredIfFailed":false,"type":"TEST_STEP","name":"openBrowser","message":"Browser is opened with url: \u0027http://192.168.30.101/CSSIMSCANUI/Login/Index\u0027","description":"","startTime":1523341213682,"endTime":1523341218486,"childRecords":[{"testStatus":{"stackTrace":"","statusValue":"WARNING"},"type":"MESSAGE","name":"","message":"A browser is already opened. Closing browser and opening a new one","startTime":1523341213683,"endTime":0,"childRecords":[],"interuppted":false},{"testStatus":{"stackTrace":"","statusValue":"PASSED"},"type":"MESSAGE","name":"","message":"Browser is opened with url: \u0027http://192.168.30.101/CSSIMSCANUI/Login/Index\u0027","startTime":1523341218486,"endTime":0,"childRecords":[],"interuppted":false}],"interuppted":false},{"index":2,"isIgnoredIfFailed":false,"type":"TEST_STEP","name":"maximizeWindow","message":"Current window maximized","description":"","startTime":1523341218487,"endTime":1523341219670,"childRecords":[{"testStatus":{"stackTrace":"","statusValue":"PASSED"},"type":"MESSAGE","name":"","message":"Current window maximized","startTime":1523341219670,"endTime":0,"childRecords":[],"interuppted":false}],"interuppted":false},{"index":3,"isIgnoredIfFailed":false,"type":"TEST_STEP","name":"Statement - TestID \u003d testCaseContext.getTestCaseId()","description":"","startTime":1523341219671,"endTime":1523341219671,"childRecords":[],"interuppted":false},{"index":4,"isIgnoredIfFailed":false,"type":"TEST_STEP","name":"Statement - println(TestID)","message":"Invoke \u0027com.kms.katalon.core.annotation.BeforeTestCase\u0027 method: \u0027ImScan.BeforeTestCaseOpenBrowser(...)\u0027 completed.","description":"","startTime":1523341219672,"endTime":1523341219673,"childRecords":[],"interuppted":false}],"interuppted":false},{"index":1,"isIgnoredIfFailed":false,"type":"TEST_STEP","name":"setText","message":"Text \u0027Dixita\u0027 is set on object \u0027Object Repository/Login/Page_IMSCAN/input_UserName\u0027","description":"","startTime":1523341219838,"endTime":1523341220001,"childRecords":[{"testStatus":{"stackTrace":"","statusValue":"PASSED"},"type":"MESSAGE","name":"","message":"Text \u0027Dixita\u0027 is set on object \u0027Object Repository/Login/Page_IMSCAN/input_UserName\u0027","startTime":1523341220000,"endTime":0,"childRecords":[],"interuppted":false}],"interuppted":false},{"index":2,"isIgnoredIfFailed":false,"type":"TEST_STEP","name":"setText","message":"Text \u0027Dixita456\u0027 is set on object \u0027Object Repository/Login/Page_IMSCAN/input_Password\u0027","description":"","startTime":1523341220001,"endTime":1523341220203,"childRecords":[{"testStatus":{"stackTrace":"","statusValue":"PASSED"},"type":"MESSAGE","name":"","message":"Text \u0027Dixita456\u0027 is set on object \u0027Object Repository/Login/Page_IMSCAN/input_Password\u0027","startTime":1523341220202,"endTime":0,"childRecords":[],"interuppted":false}],"interuppted":false},{"index":3,"isIgnoredIfFailed":false,"type":"TEST_STEP","name":"click","message":"Object: \u0027Object Repository/Login/Page_IMSCAN/button_Login\u0027 is clicked on","description":"","startTime":1523341220203,"endTime":1523341220325,"childRecords":[{"testStatus":{"stackTrace":"","statusValue":"PASSED"},"type":"MESSAGE","name":"","message":"Object: \u0027Object Repository/Login/Page_IMSCAN/button_Login\u0027 is clicked on","startTime":1523341220324,"endTime":0,"childRecords":[],"interuppted":false}],"interuppted":false},{"index":4,"isIgnoredIfFailed":false,"type":"TEST_STEP","name":"click","message":"Object: \u0027Object Repository/Login/Page_IMSCAN - EDoc System/div_Home\u0027 is clicked on","description":"","startTime":1523341220325,"endTime":1523341220819,"childRecords":[{"testStatus":{"stackTrace":"","statusValue":"PASSED"},"type":"MESSAGE","name":"","message":"Object: \u0027Object Repository/Login/Page_IMSCAN - EDoc System/div_Home\u0027 is clicked on","startTime":1523341220819,"endTime":0,"childRecords":[],"interuppted":false}],"interuppted":false},{"testStatus":{"stackTrace":"","statusValue":"PASSED"},"type":"MESSAGE","name":"","message":"Test Cases/Smoke/TC-143_Login_ValidLogin","startTime":1523341220819,"endTime":0,"childRecords":[],"interuppted":false},{"index":-1,"isIgnoredIfFailed":false,"type":"TEST_STEP","name":"Start listener action : AfterTestCaseCloseBrowser","message":"Invoke \u0027com.kms.katalon.core.annotation.AfterTestCase\u0027 method: \u0027ImScan.AfterTestCaseCloseBrowser(...)\u0027 completed.","description":"","startTime":1523341220820,"endTime":1523341220820,"childRecords":[],"interuppted":false}],"interuppted":false},{"isOptional":false,"type":"TEST_CASE","name":"Test Cases/Smoke/TC-145_Login_InvalidLogin","id":"Test Cases/Smoke/TC-145_Login_InvalidLogin","source":"C:\\\\Users\\\\Dikshita\\\\git\\\\imscanredev\\\\Test Cases\\\\Smoke\\\\TC-145_Login_InvalidLogin.tc","message":"Invoke \u0027com.kms.katalon.core.annotation.AfterTestCase\u0027 method: \u0027ImScan.AfterTestCaseCloseBrowser(...)\u0027 completed.","description":"Verify that user is able to log into the application when invalid username is passed (Username not existing in the system)","startTime":1523341220823,"endTime":1523341227337,"childRecords":[{"testStatus":{"stackTrace":"","statusValue":"INFO"},"type":"MESSAGE","name":"","message":"Evaluating variables for test case","startTime":1523341220830,"endTime":0,"childRecords":[],"interuppted":false},{"index":-1,"isIgnoredIfFailed":false,"type":"TEST_STEP","name":"Start listener action : BeforeTestCaseOpenBrowser","message":"Invoke \u0027com.kms.katalon.core.annotation.BeforeTestCase\u0027 method: \u0027ImScan.BeforeTestCaseOpenBrowser(...)\u0027 completed.","description":"","startTime":1523341220830,"endTime":1523341226698,"childRecords":[{"index":1,"isIgnoredIfFailed":false,"type":"TEST_STEP","name":"openBrowser","message":"Browser is opened with url: \u0027http://192.168.30.101/CSSIMSCANUI/Login/Index\u0027","description":"","startTime":1523341220831,"endTime":1523341225517,"childRecords":[{"testStatus":{"stackTrace":"","statusValue":"WARNING"},"type":"MESSAGE","name":"","message":"A browser is already opened. Closing browser and opening a new one","startTime":1523341220831,"endTime":0,"childRecords":[],"interuppted":false},{"testStatus":{"stackTrace":"","statusValue":"PASSED"},"type":"MESSAGE","name":"","message":"Browser is opened with url: \u0027http://192.168.30.101/CSSIMSCANUI/Login/Index\u0027","startTime":1523341225516,"endTime":0,"childRecords":[],"interuppted":false}],"interuppted":false},{"index":2,"isIgnoredIfFailed":false,"type":"TEST_STEP","name":"maximizeWindow","message":"Current window maximized","description":"","startTime":1523341225517,"endTime":1523341226697,"childRecords":[{"testStatus":{"stackTrace":"","statusValue":"PASSED"},"type":"MESSAGE","name":"","message":"Current window maximized","startTime":1523341226696,"endTime":0,"childRecords":[],"interuppted":false}],"interuppted":false},{"index":3,"isIgnoredIfFailed":false,"type":"TEST_STEP","name":"Statement - TestID \u003d testCaseContext.getTestCaseId()","description":"","startTime":1523341226697,"endTime":1523341226697,"childRecords":[],"interuppted":false},{"index":4,"isIgnoredIfFailed":false,"type":"TEST_STEP","name":"Statement - println(TestID)","message":"Invoke \u0027com.kms.katalon.core.annotation.BeforeTestCase\u0027 method: \u0027ImScan.BeforeTestCaseOpenBrowser(...)\u0027 completed.","description":"","startTime":1523341226698,"endTime":1523341226698,"childRecords":[],"interuppted":false}],"interuppted":false},{"index":1,"isIgnoredIfFailed":false,"type":"TEST_STEP","name":"setText","message":"Text \u0027Dixita\u0027 is set on object \u0027Object Repository/Login/Page_IMSCAN/input_UserName\u0027","description":"","startTime":1523341226872,"endTime":1523341227030,"childRecords":[{"testStatus":{"stackTrace":"","statusValue":"PASSED"},"type":"MESSAGE","name":"","message":"Text \u0027Dixita\u0027 is set on object \u0027Object Repository/Login/Page_IMSCAN/input_UserName\u0027","startTime":1523341227029,"endTime":0,"childRecords":[],"interuppted":false}],"interuppted":false},{"index":2,"isIgnoredIfFailed":false,"type":"TEST_STEP","name":"setText","message":"Text \u0027Dixita123\u0027 is set on object \u0027Object Repository/Login/Page_IMSCAN/input_Password\u0027","description":"","startTime":1523341227030,"endTime":1523341227219,"childRecords":[{"testStatus":{"stackTrace":"","statusValue":"PASSED"},"type":"MESSAGE","name":"","message":"Text \u0027Dixita123\u0027 is set on object \u0027Object Repository/Login/Page_IMSCAN/input_Password\u0027","startTime":1523341227219,"endTime":0,"childRecords":[],"interuppted":false}],"interuppted":false},{"index":3,"isIgnoredIfFailed":false,"type":"TEST_STEP","name":"click","message":"Object: \u0027Object Repository/Login/Page_IMSCAN/button_Login\u0027 is clicked on","description":"","startTime":1523341227220,"endTime":1523341227335,"childRecords":[{"testStatus":{"stackTrace":"","statusValue":"PASSED"},"type":"MESSAGE","name":"","message":"Object: \u0027Object Repository/Login/Page_IMSCAN/button_Login\u0027 is clicked on","startTime":1523341227335,"endTime":0,"childRecords":[],"interuppted":false}],"interuppted":false},{"testStatus":{"stackTrace":"","statusValue":"PASSED"},"type":"MESSAGE","name":"","message":"Test Cases/Smoke/TC-145_Login_InvalidLogin","startTime":1523341227336,"endTime":0,"childRecords":[],"interuppted":false},{"index":-1,"isIgnoredIfFailed":false,"type":"TEST_STEP","name":"Start listener action : AfterTestCaseCloseBrowser","message":"Invoke \u0027com.kms.katalon.core.annotation.AfterTestCase\u0027 method: \u0027ImScan.AfterTestCaseCloseBrowser(...)\u0027 completed.","description":"","startTime":1523341227336,"endTime":1523341227337,"childRecords":[],"interuppted":false}],"interuppted":false},{"isOptional":false,"type":"TEST_CASE","name":"Test Cases/Smoke/TC-26","id":"Test Cases/Smoke/TC-26","source":"C:\\\\Users\\\\Dikshita\\\\git\\\\imscanredev\\\\Test Cases\\\\Smoke\\\\TC-26.tc","message":"Invoke \u0027com.kms.katalon.core.annotation.AfterTestCase\u0027 method: \u0027ImScan.AfterTestCaseCloseBrowser(...)\u0027 completed.","description":"","startTime":1523341227340,"endTime":1523341261877,"childRecords":[{"testStatus":{"stackTrace":"","statusValue":"INFO"},"type":"MESSAGE","name":"","message":"Evaluating variables for test case","startTime":1523341227353,"endTime":0,"childRecords":[],"interuppted":false},{"index":-1,"isIgnoredIfFailed":false,"type":"TEST_STEP","name":"Start listener action : BeforeTestCaseOpenBrowser","message":"Invoke \u0027com.kms.katalon.core.annotation.BeforeTestCase\u0027 method: \u0027ImScan.BeforeTestCaseOpenBrowser(...)\u0027 completed.","description":"","startTime":1523341227353,"endTime":1523341232964,"childRecords":[{"index":1,"isIgnoredIfFailed":false,"type":"TEST_STEP","name":"openBrowser","message":"Browser is opened with url: \u0027http://192.168.30.101/CSSIMSCANUI/Login/Index\u0027","description":"","startTime":1523341227354,"endTime":1523341231796,"childRecords":[{"testStatus":{"stackTrace":"","statusValue":"WARNING"},"type":"MESSAGE","name":"","message":"A browser is already opened. Closing browser and opening a new one","startTime":1523341227355,"endTime":0,"childRecords":[],"interuppted":false},{"testStatus":{"stackTrace":"","statusValue":"PASSED"},"type":"MESSAGE","name":"","message":"Browser is opened with url: \u0027http://192.168.30.101/CSSIMSCANUI/Login/Index\u0027","startTime":1523341231796,"endTime":0,"childRecords":[],"interuppted":false}],"interuppted":false},{"index":2,"isIgnoredIfFailed":false,"type":"TEST_STEP","name":"maximizeWindow","message":"Current window maximized","description":"","startTime":1523341231797,"endTime":1523341232963,"childRecords":[{"testStatus":{"stackTrace":"","statusValue":"PASSED"},"type":"MESSAGE","name":"","message":"Current window maximized","startTime":1523341232963,"endTime":0,"childRecords":[],"interuppted":false}],"interuppted":false},{"index":3,"isIgnoredIfFailed":false,"type":"TEST_STEP","name":"Statement - TestID \u003d testCaseContext.getTestCaseId()","description":"","startTime":1523341232964,"endTime":1523341232964,"childRecords":[],"interuppted":false},{"index":4,"isIgnoredIfFailed":false,"type":"TEST_STEP","name":"Statement - println(TestID)","message":"Invoke \u0027com.kms.katalon.core.annotation.BeforeTestCase\u0027 method: \u0027ImScan.BeforeTestCaseOpenBrowser(...)\u0027 completed.","description":"","startTime":1523341232964,"endTime":1523341232964,"childRecords":[],"interuppted":false}],"interuppted":false},{"index":1,"isIgnoredIfFailed":false,"type":"TEST_STEP","name":"setText","message":"Text \u0027Dixita\u0027 is set on object \u0027Object Repository/Login/Page_IMSCAN/input_UserName\u0027","description":"","startTime":1523341233163,"endTime":1523341233341,"childRecords":[{"testStatus":{"stackTrace":"","statusValue":"PASSED"},"type":"MESSAGE","name":"","message":"Text \u0027Dixita\u0027 is set on object \u0027Object Repository/Login/Page_IMSCAN/input_UserName\u0027","startTime":1523341233340,"endTime":0,"childRecords":[],"interuppted":false}],"interuppted":false},{"index":2,"isIgnoredIfFailed":false,"type":"TEST_STEP","name":"setText","message":"Text \u0027Dixita456\u0027 is set on object \u0027Object Repository/Login/Page_IMSCAN/input_Password\u0027","description":"","startTime":1523341233341,"endTime":1523341233525,"childRecords":[{"testStatus":{"stackTrace":"","statusValue":"PASSED"},"type":"MESSAGE","name":"","message":"Text \u0027Dixita456\u0027 is set on object \u0027Object Repository/Login/Page_IMSCAN/input_Password\u0027","startTime":1523341233524,"endTime":0,"childRecords":[],"interuppted":false}],"interuppted":false},{"index":3,"isIgnoredIfFailed":false,"type":"TEST_STEP","name":"click","message":"Object: \u0027Object Repository/Login/Page_IMSCAN/button_Login\u0027 is clicked on","description":"","startTime":1523341233525,"endTime":1523341238687,"childRecords":[{"testStatus":{"stackTrace":"","statusValue":"PASSED"},"type":"MESSAGE","name":"","message":"Object: \u0027Object Repository/Login/Page_IMSCAN/button_Login\u0027 is clicked on","startTime":1523341238686,"endTime":0,"childRecords":[],"interuppted":false}],"interuppted":false},{"index":4,"isIgnoredIfFailed":false,"type":"TEST_STEP","name":"verifyElementPresent","message":"Object \u0027Object Repository/Create_a_New_Dept/VerfiyHomePageDisplayed\u0027 is present","description":"","startTime":1523341238687,"endTime":1523341239566,"childRecords":[{"testStatus":{"stackTrace":"","statusValue":"PASSED"},"type":"MESSAGE","name":"","message":"Object \u0027Object Repository/Create_a_New_Dept/VerfiyHomePageDisplayed\u0027 is present","startTime":1523341239565,"endTime":0,"childRecords":[],"interuppted":false}],"interuppted":false},{"index":5,"isIgnoredIfFailed":false,"type":"TEST_STEP","name":"delay","message":"Delayed 3 second(s)","description":"","startTime":1523341239567,"endTime":1523341242572,"childRecords":[{"testStatus":{"stackTrace":"","statusValue":"PASSED"},"type":"MESSAGE","name":"","message":"Delayed 3 second(s)","startTime":1523341242571,"endTime":0,"childRecords":[],"interuppted":false}],"interuppted":false},{"index":6,"isIgnoredIfFailed":false,"type":"TEST_STEP","name":"click","message":"Object: \u0027Object Repository/Users/Users\u0027 is clicked on","description":"","startTime":1523341242573,"endTime":1523341243703,"childRecords":[{"testStatus":{"stackTrace":"","statusValue":"PASSED"},"type":"MESSAGE","name":"","message":"Object: \u0027Object Repository/Users/Users\u0027 is clicked on","startTime":1523341243702,"endTime":0,"childRecords":[],"interuppted":false}],"interuppted":false},{"index":7,"isIgnoredIfFailed":false,"type":"TEST_STEP","name":"click","message":"Object: \u0027Object Repository/Users/CreateUser\u0027 is clicked on","description":"","startTime":1523341243703,"endTime":1523341244321,"childRecords":[{"testStatus":{"stackTrace":"","statusValue":"PASSED"},"type":"MESSAGE","name":"","message":"Object: \u0027Object Repository/Users/CreateUser\u0027 is clicked on","startTime":1523341244321,"endTime":0,"childRecords":[],"interuppted":false}],"interuppted":false},{"index":8,"isIgnoredIfFailed":false,"type":"TEST_STEP","name":"waitForAlert","message":"No alert found after 5 second(s).","description":"","startTime":1523341244321,"endTime":1523341249397,"childRecords":[{"testStatus":{"stackTrace":"","statusValue":"WARNING"},"type":"MESSAGE","name":"","message":"No alert found after 5 second(s).","startTime":1523341249397,"endTime":0,"childRecords":[],"interuppted":false}],"interuppted":false},{"index":9,"isIgnoredIfFailed":false,"type":"TEST_STEP","name":"focus","message":"Object: \u0027Object Repository/Users/UsersPopUp/Popup\u0027 is focused","description":"","startTime":1523341249397,"endTime":1523341249542,"childRecords":[{"testStatus":{"stackTrace":"","statusValue":"PASSED"},"type":"MESSAGE","name":"","message":"Object: \u0027Object Repository/Users/UsersPopUp/Popup\u0027 is focused","startTime":1523341249541,"endTime":0,"childRecords":[],"interuppted":false}],"interuppted":false},{"index":10,"isIgnoredIfFailed":false,"type":"TEST_STEP","name":"delay","message":"Delayed 5 second(s)","description":"","startTime":1523341249542,"endTime":1523341254544,"childRecords":[{"testStatus":{"stackTrace":"","statusValue":"PASSED"},"type":"MESSAGE","name":"","message":"Delayed 5 second(s)","startTime":1523341254543,"endTime":0,"childRecords":[],"interuppted":false}],"interuppted":false},{"index":11,"isIgnoredIfFailed":false,"type":"TEST_STEP","name":"waitForElementVisible","message":"Object \u0027Object Repository/Users/Firstname\u0027 is visible","description":"","startTime":1523341254544,"endTime":1523341254636,"childRecords":[{"testStatus":{"stackTrace":"","statusValue":"PASSED"},"type":"MESSAGE","name":"","message":"Object \u0027Object Repository/Users/Firstname\u0027 is visible","startTime":1523341254636,"endTime":0,"childRecords":[],"interuppted":false}],"interuppted":false},{"index":12,"isIgnoredIfFailed":false,"type":"TEST_STEP","name":"focus","message":"Object: \u0027Object Repository/Users/Firstname\u0027 is focused","description":"","startTime":1523341254636,"endTime":1523341254696,"childRecords":[{"testStatus":{"stackTrace":"","statusValue":"PASSED"},"type":"MESSAGE","name":"","message":"Object: \u0027Object Repository/Users/Firstname\u0027 is focused","startTime":1523341254695,"endTime":0,"childRecords":[],"interuppted":false}],"interuppted":false},{"index":13,"isIgnoredIfFailed":false,"type":"TEST_STEP","name":"setText","message":"Text \u0027Steven\u0027 is set on object \u0027Object Repository/Users/Firstname\u0027","description":"","startTime":1523341254697,"endTime":1523341254830,"childRecords":[{"testStatus":{"stackTrace":"","statusValue":"PASSED"},"type":"MESSAGE","name":"","message":"Text \u0027Steven\u0027 is set on object \u0027Object Repository/Users/Firstname\u0027","startTime":1523341254829,"endTime":0,"childRecords":[],"interuppted":false}],"interuppted":false},{"index":14,"isIgnoredIfFailed":false,"type":"TEST_STEP","name":"delay","message":"Delayed 3 second(s)","description":"","startTime":1523341254830,"endTime":1523341257833,"childRecords":[{"testStatus":{"stackTrace":"","statusValue":"PASSED"},"type":"MESSAGE","name":"","message":"Delayed 3 second(s)","startTime":1523341257832,"endTime":0,"childRecords":[],"interuppted":false}],"interuppted":false},{"index":15,"isIgnoredIfFailed":false,"type":"TEST_STEP","name":"focus","message":"Object: \u0027Object Repository/Users/Lastname\u0027 is focused","description":"","startTime":1523341257833,"endTime":1523341257938,"childRecords":[{"testStatus":{"stackTrace":"","statusValue":"PASSED"},"type":"MESSAGE","name":"","message":"Object: \u0027Object Repository/Users/Lastname\u0027 is focused","startTime":1523341257938,"endTime":0,"childRecords":[],"interuppted":false}],"interuppted":false},{"index":16,"isIgnoredIfFailed":false,"type":"TEST_STEP","name":"setText","message":"Text \u0027Steven\u0027 is set on object \u0027Object Repository/Users/Lastname\u0027","description":"","startTime":1523341257939,"endTime":1523341258075,"childRecords":[{"testStatus":{"stackTrace":"","statusValue":"PASSED"},"type":"MESSAGE","name":"","message":"Text \u0027Steven\u0027 is set on object \u0027Object Repository/Users/Lastname\u0027","startTime":1523341258075,"endTime":0,"childRecords":[],"interuppted":false}],"interuppted":false},{"index":17,"isIgnoredIfFailed":false,"type":"TEST_STEP","name":"focus","message":"Object: \u0027Object Repository/Users/Username\u0027 is focused","description":"","startTime":1523341258076,"endTime":1523341258149,"childRecords":[{"testStatus":{"stackTrace":"","statusValue":"PASSED"},"type":"MESSAGE","name":"","message":"Object: \u0027Object Repository/Users/Username\u0027 is focused","startTime":1523341258149,"endTime":0,"childRecords":[],"interuppted":false}],"interuppted":false},{"index":18,"isIgnoredIfFailed":false,"type":"TEST_STEP","name":"setText","message":"Text \u0027Steven\u0027 is set on object \u0027Object Repository/Users/Username\u0027","description":"","startTime":1523341258150,"endTime":1523341258261,"childRecords":[{"testStatus":{"stackTrace":"","statusValue":"PASSED"},"type":"MESSAGE","name":"","message":"Text \u0027Steven\u0027 is set on object \u0027Object Repository/Users/Username\u0027","startTime":1523341258261,"endTime":0,"childRecords":[],"interuppted":false}],"interuppted":false},{"index":19,"isIgnoredIfFailed":false,"type":"TEST_STEP","name":"focus","message":"Object: \u0027Object Repository/Users/Password\u0027 is focused","description":"","startTime":1523341258262,"endTime":1523341258348,"childRecords":[{"testStatus":{"stackTrace":"","statusValue":"PASSED"},"type":"MESSAGE","name":"","message":"Object: \u0027Object Repository/Users/Password\u0027 is focused","startTime":1523341258348,"endTime":0,"childRecords":[],"interuppted":false}],"interuppted":false},{"index":20,"isIgnoredIfFailed":false,"type":"TEST_STEP","name":"setText","message":"Text \u0027Steve\u0027 is set on object \u0027Object Repository/Users/Password\u0027","description":"","startTime":1523341258349,"endTime":1523341258480,"childRecords":[{"testStatus":{"stackTrace":"","statusValue":"PASSED"},"type":"MESSAGE","name":"","message":"Text \u0027Steve\u0027 is set on object \u0027Object Repository/Users/Password\u0027","startTime":1523341258480,"endTime":0,"childRecords":[],"interuppted":false}],"interuppted":false},{"index":21,"isIgnoredIfFailed":false,"type":"TEST_STEP","name":"focus","message":"Object: \u0027Object Repository/Users/emailId\u0027 is focused","description":"","startTime":1523341258481,"endTime":1523341258555,"childRecords":[{"testStatus":{"stackTrace":"","statusValue":"PASSED"},"type":"MESSAGE","name":"","message":"Object: \u0027Object Repository/Users/emailId\u0027 is focused","startTime":1523341258555,"endTime":0,"childRecords":[],"interuppted":false}],"interuppted":false},{"index":22,"isIgnoredIfFailed":false,"type":"TEST_STEP","name":"setText","message":"Text \u0027Steven@rsspl.com\u0027 is set on object \u0027Object Repository/Users/emailId\u0027","description":"","startTime":1523341258556,"endTime":1523341258815,"childRecords":[{"testStatus":{"stackTrace":"","statusValue":"PASSED"},"type":"MESSAGE","name":"","message":"Text \u0027Steven@rsspl.com\u0027 is set on object \u0027Object Repository/Users/emailId\u0027","startTime":1523341258814,"endTime":0,"childRecords":[],"interuppted":false}],"interuppted":false},{"index":23,"isIgnoredIfFailed":false,"type":"TEST_STEP","name":"click","message":"Object: \u0027Object Repository/Users/RoleSelection\u0027 is clicked on","description":"","startTime":1523341258815,"endTime":1523341258981,"childRecords":[{"testStatus":{"stackTrace":"","statusValue":"PASSED"},"type":"MESSAGE","name":"","message":"Object: \u0027Object Repository/Users/RoleSelection\u0027 is clicked on","startTime":1523341258981,"endTime":0,"childRecords":[],"interuppted":false}],"interuppted":false},{"index":24,"isIgnoredIfFailed":false,"type":"TEST_STEP","name":"selectOptionByValue","message":"All options with value \u002727\u0027 are selected in object \u0027Object Repository/Users/RoleSelection\u0027 ","description":"","startTime":1523341258982,"endTime":1523341259177,"childRecords":[{"testStatus":{"stackTrace":"","statusValue":"PASSED"},"type":"MESSAGE","name":"","message":"All options with value \u002727\u0027 are selected in object \u0027Object Repository/Users/RoleSelection\u0027 ","startTime":1523341259177,"endTime":0,"childRecords":[],"interuppted":false}],"interuppted":false},{"index":25,"isIgnoredIfFailed":false,"type":"TEST_STEP","name":"click","message":"Object: \u0027Object Repository/Users/SelectAvailableDoctypes\u0027 is clicked on","description":"","startTime":1523341259178,"endTime":1523341259360,"childRecords":[{"testStatus":{"stackTrace":"","statusValue":"PASSED"},"type":"MESSAGE","name":"","message":"Object: \u0027Object Repository/Users/SelectAvailableDoctypes\u0027 is clicked on","startTime":1523341259359,"endTime":0,"childRecords":[],"interuppted":false}],"interuppted":false},{"index":26,"isIgnoredIfFailed":false,"type":"TEST_STEP","name":"click","message":"Object: \u0027Object Repository/Users/ClickOnRightbutton\u0027 is clicked on","description":"","startTime":1523341259360,"endTime":1523341259500,"childRecords":[{"testStatus":{"stackTrace":"","statusValue":"PASSED"},"type":"MESSAGE","name":"","message":"Object: \u0027Object Repository/Users/ClickOnRightbutton\u0027 is clicked on","startTime":1523341259499,"endTime":0,"childRecords":[],"interuppted":false}],"interuppted":false},{"index":27,"isIgnoredIfFailed":false,"type":"TEST_STEP","name":"scrollToElement","message":"Scroll to object \u0027Object Repository/Users/SelectAvailableDept\u0027 successfully","description":"","startTime":1523341259501,"endTime":1523341259545,"childRecords":[{"testStatus":{"stackTrace":"","statusValue":"PASSED"},"type":"MESSAGE","name":"","message":"Scroll to object \u0027Object Repository/Users/SelectAvailableDept\u0027 successfully","startTime":1523341259545,"endTime":0,"childRecords":[],"interuppted":false}],"interuppted":false},{"index":28,"isIgnoredIfFailed":false,"type":"TEST_STEP","name":"click","message":"Object: \u0027Object Repository/Users/SelectAvailableDept\u0027 is clicked on","description":"","startTime":1523341259546,"endTime":1523341259660,"childRecords":[{"testStatus":{"stackTrace":"","statusValue":"PASSED"},"type":"MESSAGE","name":"","message":"Object: \u0027Object Repository/Users/SelectAvailableDept\u0027 is clicked on","startTime":1523341259659,"endTime":0,"childRecords":[],"interuppted":false}],"interuppted":false},{"index":29,"isIgnoredIfFailed":false,"type":"TEST_STEP","name":"delay","message":"Delayed 2 second(s)","description":"","startTime":1523341259660,"endTime":1523341261662,"childRecords":[{"testStatus":{"stackTrace":"","statusValue":"PASSED"},"type":"MESSAGE","name":"","message":"Delayed 2 second(s)","startTime":1523341261661,"endTime":0,"childRecords":[],"interuppted":false}],"interuppted":false},{"index":30,"isIgnoredIfFailed":false,"type":"TEST_STEP","name":"click","message":"Object: \u0027Object Repository/Users/arrow/span_glyphicon glyphicon-chevr\u0027 is clicked on","description":"","startTime":1523341261663,"endTime":1523341261790,"childRecords":[{"testStatus":{"stackTrace":"","statusValue":"PASSED"},"type":"MESSAGE","name":"","message":"Object: \u0027Object Repository/Users/arrow/span_glyphicon glyphicon-chevr\u0027 is clicked on","startTime":1523341261790,"endTime":0,"childRecords":[],"interuppted":false}],"interuppted":false},{"index":31,"isIgnoredIfFailed":false,"type":"TEST_STEP","name":"click","message":"Object: \u0027Object Repository/Users/ClickonSaveOfPopup\u0027 is clicked on","description":"","startTime":1523341261791,"endTime":1523341261875,"childRecords":[{"testStatus":{"stackTrace":"","statusValue":"PASSED"},"type":"MESSAGE","name":"","message":"Object: \u0027Object Repository/Users/ClickonSaveOfPopup\u0027 is clicked on","startTime":1523341261874,"endTime":0,"childRecords":[],"interuppted":false}],"interuppted":false},{"testStatus":{"stackTrace":"","statusValue":"PASSED"},"type":"MESSAGE","name":"","message":"Test Cases/Smoke/TC-26","startTime":1523341261875,"endTime":0,"childRecords":[],"interuppted":false},{"index":-1,"isIgnoredIfFailed":false,"type":"TEST_STEP","name":"Start listener action : AfterTestCaseCloseBrowser","message":"Invoke \u0027com.kms.katalon.core.annotation.AfterTestCase\u0027 method: \u0027ImScan.AfterTestCaseCloseBrowser(...)\u0027 completed.","description":"","startTime":1523341261876,"endTime":1523341261877,"childRecords":[],"interuppted":false}],"interuppted":false},{"isOptional":false,"type":"TEST_CASE","name":"Test Cases/Smoke/TC-46","id":"Test Cases/Smoke/TC-46","source":"C:\\\\Users\\\\Dikshita\\\\git\\\\imscanredev\\\\Test Cases\\\\Smoke\\\\TC-46.tc","message":"Invoke \u0027com.kms.katalon.core.annotation.AfterTestCase\u0027 method: \u0027ImScan.AfterTestCaseCloseBrowser(...)\u0027 completed.","description":"","startTime":1523341261881,"endTime":1523341280176,"childRecords":[{"testStatus":{"stackTrace":"","statusValue":"INFO"},"type":"MESSAGE","name":"","message":"Evaluating variables for test case","startTime":1523341261894,"endTime":0,"childRecords":[],"interuppted":false},{"index":-1,"isIgnoredIfFailed":false,"type":"TEST_STEP","name":"Start listener action : BeforeTestCaseOpenBrowser","message":"Invoke \u0027com.kms.katalon.core.annotation.BeforeTestCase\u0027 method: \u0027ImScan.BeforeTestCaseOpenBrowser(...)\u0027 completed.","description":"","startTime":1523341261895,"endTime":1523341268561,"childRecords":[{"index":1,"isIgnoredIfFailed":false,"type":"TEST_STEP","name":"openBrowser","message":"Browser is opened with url: \u0027http://192.168.30.101/CSSIMSCANUI/Login/Index\u0027","description":"","startTime":1523341261895,"endTime":1523341267370,"childRecords":[{"testStatus":{"stackTrace":"","statusValue":"WARNING"},"type":"MESSAGE","name":"","message":"A browser is already opened. Closing browser and opening a new one","startTime":1523341261896,"endTime":0,"childRecords":[],"interuppted":false},{"testStatus":{"stackTrace":"","statusValue":"PASSED"},"type":"MESSAGE","name":"","message":"Browser is opened with url: \u0027http://192.168.30.101/CSSIMSCANUI/Login/Index\u0027","startTime":1523341267370,"endTime":0,"childRecords":[],"interuppted":false}],"interuppted":false},{"index":2,"isIgnoredIfFailed":false,"type":"TEST_STEP","name":"maximizeWindow","message":"Current window maximized","description":"","startTime":1523341267371,"endTime":1523341268559,"childRecords":[{"testStatus":{"stackTrace":"","statusValue":"PASSED"},"type":"MESSAGE","name":"","message":"Current window maximized","startTime":1523341268559,"endTime":0,"childRecords":[],"interuppted":false}],"interuppted":false},{"index":3,"isIgnoredIfFailed":false,"type":"TEST_STEP","name":"Statement - TestID \u003d testCaseContext.getTestCaseId()","description":"","startTime":1523341268559,"endTime":1523341268560,"childRecords":[],"interuppted":false},{"index":4,"isIgnoredIfFailed":false,"type":"TEST_STEP","name":"Statement - println(TestID)","message":"Invoke \u0027com.kms.katalon.core.annotation.BeforeTestCase\u0027 method: \u0027ImScan.BeforeTestCaseOpenBrowser(...)\u0027 completed.","description":"","startTime":1523341268560,"endTime":1523341268561,"childRecords":[],"interuppted":false}],"interuppted":false},{"index":1,"isIgnoredIfFailed":false,"type":"TEST_STEP","name":"setText","message":"Text \u0027Dixita\u0027 is set on object \u0027Object Repository/Login/Page_IMSCAN/input_UserName\u0027","description":"","startTime":1523341268699,"endTime":1523341269616,"childRecords":[{"testStatus":{"stackTrace":"","statusValue":"PASSED"},"type":"MESSAGE","name":"","message":"Text \u0027Dixita\u0027 is set on object \u0027Object Repository/Login/Page_IMSCAN/input_UserName\u0027","startTime":1523341269615,"endTime":0,"childRecords":[],"interuppted":false}],"interuppted":false},{"index":2,"isIgnoredIfFailed":false,"type":"TEST_STEP","name":"setText","message":"Text \u0027Dixita456\u0027 is set on object \u0027Object Repository/Login/Page_IMSCAN/input_Password\u0027","description":"","startTime":1523341269616,"endTime":1523341269880,"childRecords":[{"testStatus":{"stackTrace":"","statusValue":"PASSED"},"type":"MESSAGE","name":"","message":"Text \u0027Dixita456\u0027 is set on object \u0027Object Repository/Login/Page_IMSCAN/input_Password\u0027","startTime":1523341269879,"endTime":0,"childRecords":[],"interuppted":false}],"interuppted":false},{"index":3,"isIgnoredIfFailed":false,"type":"TEST_STEP","name":"click","message":"Object: \u0027Object Repository/Login/Page_IMSCAN/button_Login\u0027 is clicked on","description":"","startTime":1523341269880,"endTime":1523341270475,"childRecords":[{"testStatus":{"stackTrace":"","statusValue":"PASSED"},"type":"MESSAGE","name":"","message":"Object: \u0027Object Repository/Login/Page_IMSCAN/button_Login\u0027 is clicked on","startTime":1523341270474,"endTime":0,"childRecords":[],"interuppted":false}],"interuppted":false},{"index":4,"isIgnoredIfFailed":false,"type":"TEST_STEP","name":"click","message":"Object: \u0027Object Repository/Settings/ClickOnSettings\u0027 is clicked on","description":"","startTime":1523341270475,"endTime":1523341270591,"childRecords":[{"testStatus":{"stackTrace":"","statusValue":"PASSED"},"type":"MESSAGE","name":"","message":"Object: \u0027Object Repository/Settings/ClickOnSettings\u0027 is clicked on","startTime":1523341270590,"endTime":0,"childRecords":[],"interuppted":false}],"interuppted":false},{"index":5,"isIgnoredIfFailed":false,"type":"TEST_STEP","name":"click","message":"Object: \u0027Object Repository/Settings/ClickOnEmailSettings\u0027 is clicked on","description":"","startTime":1523341270591,"endTime":1523341274382,"childRecords":[{"testStatus":{"stackTrace":"","statusValue":"PASSED"},"type":"MESSAGE","name":"","message":"Object: \u0027Object Repository/Settings/ClickOnEmailSettings\u0027 is clicked on","startTime":1523341274382,"endTime":0,"childRecords":[],"interuppted":false}],"interuppted":false},{"index":6,"isIgnoredIfFailed":false,"type":"TEST_STEP","name":"delay","message":"Delayed 2 second(s)","description":"","startTime":1523341274382,"endTime":1523341276386,"childRecords":[{"testStatus":{"stackTrace":"","statusValue":"PASSED"},"type":"MESSAGE","name":"","message":"Delayed 2 second(s)","startTime":1523341276385,"endTime":0,"childRecords":[],"interuppted":false}],"interuppted":false},{"index":7,"isIgnoredIfFailed":false,"type":"TEST_STEP","name":"click","message":"Object: \u0027Object Repository/Settings/ClickOnEmailSettings\u0027 is clicked on","description":"","startTime":1523341276387,"endTime":1523341276486,"childRecords":[{"testStatus":{"stackTrace":"","statusValue":"PASSED"},"type":"MESSAGE","name":"","message":"Object: \u0027Object Repository/Settings/ClickOnEmailSettings\u0027 is clicked on","startTime":1523341276485,"endTime":0,"childRecords":[],"interuppted":false}],"interuppted":false},{"index":8,"isIgnoredIfFailed":false,"type":"TEST_STEP","name":"click","message":"Object: \u0027Object Repository/Settings/AddEmailSettings\u0027 is clicked on","description":"","startTime":1523341276486,"endTime":1523341276598,"childRecords":[{"testStatus":{"stackTrace":"","statusValue":"PASSED"},"type":"MESSAGE","name":"","message":"Object: \u0027Object Repository/Settings/AddEmailSettings\u0027 is clicked on","startTime":1523341276598,"endTime":0,"childRecords":[],"interuppted":false}],"interuppted":false},{"index":9,"isIgnoredIfFailed":false,"type":"TEST_STEP","name":"focus","message":"Object: \u0027Object Repository/Settings/EmailSettingsPopUp\u0027 is focused","description":"","startTime":1523341276599,"endTime":1523341276668,"childRecords":[{"testStatus":{"stackTrace":"","statusValue":"PASSED"},"type":"MESSAGE","name":"","message":"Object: \u0027Object Repository/Settings/EmailSettingsPopUp\u0027 is focused","startTime":1523341276667,"endTime":0,"childRecords":[],"interuppted":false}],"interuppted":false},{"index":10,"isIgnoredIfFailed":false,"type":"TEST_STEP","name":"delay","message":"Delayed 3 second(s)","description":"","startTime":1523341276668,"endTime":1523341279671,"childRecords":[{"testStatus":{"stackTrace":"","statusValue":"PASSED"},"type":"MESSAGE","name":"","message":"Delayed 3 second(s)","startTime":1523341279670,"endTime":0,"childRecords":[],"interuppted":false}],"interuppted":false},{"index":11,"isIgnoredIfFailed":false,"type":"TEST_STEP","name":"setText","message":"Text \u0027Steven@gmail.com\u0027 is set on object \u0027Object Repository/Settings/Email\u0027","description":"","startTime":1523341279672,"endTime":1523341279918,"childRecords":[{"testStatus":{"stackTrace":"","statusValue":"PASSED"},"type":"MESSAGE","name":"","message":"Text \u0027Steven@gmail.com\u0027 is set on object \u0027Object Repository/Settings/Email\u0027","startTime":1523341279917,"endTime":0,"childRecords":[],"interuppted":false}],"interuppted":false},{"index":12,"isIgnoredIfFailed":false,"type":"TEST_STEP","name":"setText","message":"Text \u0027123456\u0027 is set on object \u0027Object Repository/Settings/Password\u0027","description":"","startTime":1523341279918,"endTime":1523341280038,"childRecords":[{"testStatus":{"stackTrace":"","statusValue":"PASSED"},"type":"MESSAGE","name":"","message":"Text \u0027123456\u0027 is set on object \u0027Object Repository/Settings/Password\u0027","startTime":1523341280038,"endTime":0,"childRecords":[],"interuppted":false}],"interuppted":false},{"index":13,"isIgnoredIfFailed":false,"type":"TEST_STEP","name":"click","message":"Object: \u0027Object Repository/Settings/SaveButton\u0027 is clicked on","description":"","startTime":1523341280038,"endTime":1523341280174,"childRecords":[{"testStatus":{"stackTrace":"","statusValue":"PASSED"},"type":"MESSAGE","name":"","message":"Object: \u0027Object Repository/Settings/SaveButton\u0027 is clicked on","startTime":1523341280174,"endTime":0,"childRecords":[],"interuppted":false}],"interuppted":false},{"testStatus":{"stackTrace":"","statusValue":"PASSED"},"type":"MESSAGE","name":"","message":"Test Cases/Smoke/TC-46","startTime":1523341280174,"endTime":0,"childRecords":[],"interuppted":false},{"index":-1,"isIgnoredIfFailed":false,"type":"TEST_STEP","name":"Start listener action : AfterTestCaseCloseBrowser","message":"Invoke \u0027com.kms.katalon.core.annotation.AfterTestCase\u0027 method: \u0027ImScan.AfterTestCaseCloseBrowser(...)\u0027 completed.","description":"","startTime":1523341280175,"endTime":1523341280175,"childRecords":[],"interuppted":false}],"interuppted":false},{"isOptional":false,"type":"TEST_CASE","name":"Test Cases/Smoke/TC-86","id":"Test Cases/Smoke/TC-86","source":"C:\\\\Users\\\\Dikshita\\\\git\\\\imscanredev\\\\Test Cases\\\\Smoke\\\\TC-86.tc","message":"Invoke \u0027com.kms.katalon.core.annotation.AfterTestCase\u0027 method: \u0027ImScan.AfterTestCaseCloseBrowser(...)\u0027 completed.","description":"","startTime":1523341280178,"endTime":1523341295126,"childRecords":[{"testStatus":{"stackTrace":"","statusValue":"INFO"},"type":"MESSAGE","name":"","message":"Evaluating variables for test case","startTime":1523341280185,"endTime":0,"childRecords":[],"interuppted":false},{"index":-1,"isIgnoredIfFailed":false,"type":"TEST_STEP","name":"Start listener action : BeforeTestCaseOpenBrowser","message":"Invoke \u0027com.kms.katalon.core.annotation.BeforeTestCase\u0027 method: \u0027ImScan.BeforeTestCaseOpenBrowser(...)\u0027 completed.","description":"","startTime":1523341280185,"endTime":1523341286596,"childRecords":[{"index":1,"isIgnoredIfFailed":false,"type":"TEST_STEP","name":"openBrowser","message":"Browser is opened with url: \u0027http://192.168.30.101/CSSIMSCANUI/Login/Index\u0027","description":"","startTime":1523341280186,"endTime":1523341285407,"childRecords":[{"testStatus":{"stackTrace":"","statusValue":"WARNING"},"type":"MESSAGE","name":"","message":"A browser is already opened. Closing browser and opening a new one","startTime":1523341280187,"endTime":0,"childRecords":[],"interuppted":false},{"testStatus":{"stackTrace":"","statusValue":"PASSED"},"type":"MESSAGE","name":"","message":"Browser is opened with url: \u0027http://192.168.30.101/CSSIMSCANUI/Login/Index\u0027","startTime":1523341285407,"endTime":0,"childRecords":[],"interuppted":false}],"interuppted":false},{"index":2,"isIgnoredIfFailed":false,"type":"TEST_STEP","name":"maximizeWindow","message":"Current window maximized","description":"","startTime":1523341285407,"endTime":1523341286593,"childRecords":[{"testStatus":{"stackTrace":"","statusValue":"PASSED"},"type":"MESSAGE","name":"","message":"Current window maximized","startTime":1523341286592,"endTime":0,"childRecords":[],"interuppted":false}],"interuppted":false},{"index":3,"isIgnoredIfFailed":false,"type":"TEST_STEP","name":"Statement - TestID \u003d testCaseContext.getTestCaseId()","description":"","startTime":1523341286593,"endTime":1523341286593,"childRecords":[],"interuppted":false},{"index":4,"isIgnoredIfFailed":false,"type":"TEST_STEP","name":"Statement - println(TestID)","message":"Invoke \u0027com.kms.katalon.core.annotation.BeforeTestCase\u0027 method: \u0027ImScan.BeforeTestCaseOpenBrowser(...)\u0027 completed.","description":"","startTime":1523341286593,"endTime":1523341286595,"childRecords":[],"interuppted":false}],"interuppted":false},{"index":1,"isIgnoredIfFailed":false,"type":"TEST_STEP","name":"setText","message":"Text \u0027Dixita\u0027 is set on object \u0027Object Repository/Login/Page_IMSCAN/input_UserName\u0027","description":"","startTime":1523341286748,"endTime":1523341286975,"childRecords":[{"testStatus":{"stackTrace":"","statusValue":"PASSED"},"type":"MESSAGE","name":"","message":"Text \u0027Dixita\u0027 is set on object \u0027Object Repository/Login/Page_IMSCAN/input_UserName\u0027","startTime":1523341286974,"endTime":0,"childRecords":[],"interuppted":false}],"interuppted":false},{"index":2,"isIgnoredIfFailed":false,"type":"TEST_STEP","name":"setText","message":"Text \u0027Dixita456\u0027 is set on object \u0027Object Repository/Login/Page_IMSCAN/input_Password\u0027","description":"","startTime":1523341286975,"endTime":1523341287217,"childRecords":[{"testStatus":{"stackTrace":"","statusValue":"PASSED"},"type":"MESSAGE","name":"","message":"Text \u0027Dixita456\u0027 is set on object \u0027Object Repository/Login/Page_IMSCAN/input_Password\u0027","startTime":1523341287216,"endTime":0,"childRecords":[],"interuppted":false}],"interuppted":false},{"index":3,"isIgnoredIfFailed":false,"type":"TEST_STEP","name":"click","message":"Object: \u0027Object Repository/Login/Page_IMSCAN/button_Login\u0027 is clicked on","description":"","startTime":1523341287217,"endTime":1523341287672,"childRecords":[{"testStatus":{"stackTrace":"","statusValue":"PASSED"},"type":"MESSAGE","name":"","message":"Object: \u0027Object Repository/Login/Page_IMSCAN/button_Login\u0027 is clicked on","startTime":1523341287671,"endTime":0,"childRecords":[],"interuppted":false}],"interuppted":false},{"index":4,"isIgnoredIfFailed":false,"type":"TEST_STEP","name":"click","message":"Object: \u0027Object Repository/Settings/ClickOnSettings\u0027 is clicked on","description":"","startTime":1523341287672,"endTime":1523341287803,"childRecords":[{"testStatus":{"stackTrace":"","statusValue":"PASSED"},"type":"MESSAGE","name":"","message":"Object: \u0027Object Repository/Settings/ClickOnSettings\u0027 is clicked on","startTime":1523341287802,"endTime":0,"childRecords":[],"interuppted":false}],"interuppted":false},{"index":5,"isIgnoredIfFailed":false,"type":"TEST_STEP","name":"click","message":"Object: \u0027Object Repository/Settings/ClickOnSMTPsettings\u0027 is clicked on","description":"","startTime":1523341287803,"endTime":1523341287928,"childRecords":[{"testStatus":{"stackTrace":"","statusValue":"PASSED"},"type":"MESSAGE","name":"","message":"Object: \u0027Object Repository/Settings/ClickOnSMTPsettings\u0027 is clicked on","startTime":1523341287926,"endTime":0,"childRecords":[],"interuppted":false}],"interuppted":false},{"index":6,"isIgnoredIfFailed":false,"type":"TEST_STEP","name":"click","message":"Object: \u0027Object Repository/Settings/AddSMTPsettings\u0027 is clicked on","description":"","startTime":1523341287928,"endTime":1523341291139,"childRecords":[{"testStatus":{"stackTrace":"","statusValue":"PASSED"},"type":"MESSAGE","name":"","message":"Object: \u0027Object Repository/Settings/AddSMTPsettings\u0027 is clicked on","startTime":1523341291139,"endTime":0,"childRecords":[],"interuppted":false}],"interuppted":false},{"index":7,"isIgnoredIfFailed":false,"type":"TEST_STEP","name":"focus","message":"Object: \u0027Object Repository/Settings/AddSMTPPopup\u0027 is focused","description":"","startTime":1523341291139,"endTime":1523341291197,"childRecords":[{"testStatus":{"stackTrace":"","statusValue":"PASSED"},"type":"MESSAGE","name":"","message":"Object: \u0027Object Repository/Settings/AddSMTPPopup\u0027 is focused","startTime":1523341291196,"endTime":0,"childRecords":[],"interuppted":false}],"interuppted":false},{"index":8,"isIgnoredIfFailed":false,"type":"TEST_STEP","name":"delay","message":"Delayed 3 second(s)","description":"","startTime":1523341291197,"endTime":1523341294199,"childRecords":[{"testStatus":{"stackTrace":"","statusValue":"PASSED"},"type":"MESSAGE","name":"","message":"Delayed 3 second(s)","startTime":1523341294198,"endTime":0,"childRecords":[],"interuppted":false}],"interuppted":false},{"index":9,"isIgnoredIfFailed":false,"type":"TEST_STEP","name":"setText","message":"Text \u002718\u0027 is set on object \u0027Object Repository/Settings/IncomingServerName\u0027","description":"","startTime":1523341294199,"endTime":1523341294370,"childRecords":[{"testStatus":{"stackTrace":"","statusValue":"PASSED"},"type":"MESSAGE","name":"","message":"Text \u002718\u0027 is set on object \u0027Object Repository/Settings/IncomingServerName\u0027","startTime":1523341294369,"endTime":0,"childRecords":[],"interuppted":false}],"interuppted":false},{"index":10,"isIgnoredIfFailed":false,"type":"TEST_STEP","name":"setText","message":"Text \u002718\u0027 is set on object \u0027Object Repository/Settings/OutgoingServerName\u0027","description":"","startTime":1523341294370,"endTime":1523341294485,"childRecords":[{"testStatus":{"stackTrace":"","statusValue":"PASSED"},"type":"MESSAGE","name":"","message":"Text \u002718\u0027 is set on object \u0027Object Repository/Settings/OutgoingServerName\u0027","startTime":1523341294484,"endTime":0,"childRecords":[],"interuppted":false}],"interuppted":false},{"index":11,"isIgnoredIfFailed":false,"type":"TEST_STEP","name":"setText","message":"Text \u002718\u0027 is set on object \u0027Object Repository/Settings/IncomingIncrytionMethod\u0027","description":"","startTime":1523341294485,"endTime":1523341294634,"childRecords":[{"testStatus":{"stackTrace":"","statusValue":"PASSED"},"type":"MESSAGE","name":"","message":"Text \u002718\u0027 is set on object \u0027Object Repository/Settings/IncomingIncrytionMethod\u0027","startTime":1523341294633,"endTime":0,"childRecords":[],"interuppted":false}],"interuppted":false},{"index":12,"isIgnoredIfFailed":false,"type":"TEST_STEP","name":"setText","message":"Text \u002718\u0027 is set on object \u0027Object Repository/Settings/OutgoingIncryptionMethod\u0027","description":"","startTime":1523341294634,"endTime":1523341294763,"childRecords":[{"testStatus":{"stackTrace":"","statusValue":"PASSED"},"type":"MESSAGE","name":"","message":"Text \u002718\u0027 is set on object \u0027Object Repository/Settings/OutgoingIncryptionMethod\u0027","startTime":1523341294762,"endTime":0,"childRecords":[],"interuppted":false}],"interuppted":false},{"index":13,"isIgnoredIfFailed":false,"type":"TEST_STEP","name":"setText","message":"Text \u0027DummyName18\u0027 is set on object \u0027Object Repository/Settings/UserName\u0027","description":"","startTime":1523341294763,"endTime":1523341294919,"childRecords":[{"testStatus":{"stackTrace":"","statusValue":"PASSED"},"type":"MESSAGE","name":"","message":"Text \u0027DummyName18\u0027 is set on object \u0027Object Repository/Settings/UserName\u0027","startTime":1523341294918,"endTime":0,"childRecords":[],"interuppted":false}],"interuppted":false},{"index":14,"isIgnoredIfFailed":false,"type":"TEST_STEP","name":"setText","message":"Text \u0027123\u0027 is set on object \u0027Object Repository/Settings/Password\u0027","description":"","startTime":1523341294919,"endTime":1523341295023,"childRecords":[{"testStatus":{"stackTrace":"","statusValue":"PASSED"},"type":"MESSAGE","name":"","message":"Text \u0027123\u0027 is set on object \u0027Object Repository/Settings/Password\u0027","startTime":1523341295022,"endTime":0,"childRecords":[],"interuppted":false}],"interuppted":false},{"index":15,"isIgnoredIfFailed":false,"type":"TEST_STEP","name":"click","message":"Object: \u0027Object Repository/Settings/SaveButton\u0027 is clicked on","description":"","startTime":1523341295023,"endTime":1523341295123,"childRecords":[{"testStatus":{"stackTrace":"","statusValue":"PASSED"},"type":"MESSAGE","name":"","message":"Object: \u0027Object Repository/Settings/SaveButton\u0027 is clicked on","startTime":1523341295123,"endTime":0,"childRecords":[],"interuppted":false}],"interuppted":false},{"testStatus":{"stackTrace":"","statusValue":"PASSED"},"type":"MESSAGE","name":"","message":"Test Cases/Smoke/TC-86","startTime":1523341295123,"endTime":0,"childRecords":[],"interuppted":false},{"index":-1,"isIgnoredIfFailed":false,"type":"TEST_STEP","name":"Start listener action : AfterTestCaseCloseBrowser","message":"Invoke \u0027com.kms.katalon.core.annotation.AfterTestCase\u0027 method: \u0027ImScan.AfterTestCaseCloseBrowser(...)\u0027 completed.","description":"","startTime":1523341295124,"endTime":1523341295126,"childRecords":[],"interuppted":false}],"interuppted":false},{"isOptional":false,"type":"TEST_CASE","name":"Test Cases/Smoke/TC-91","id":"Test Cases/Smoke/TC-91","source":"C:\\\\Users\\\\Dikshita\\\\git\\\\imscanredev\\\\Test Cases\\\\Smoke\\\\TC-91.tc","message":"Invoke \u0027com.kms.katalon.core.annotation.AfterTestCase\u0027 method: \u0027ImScan.AfterTestCaseCloseBrowser(...)\u0027 completed.","description":"","startTime":1523341295129,"endTime":1523341317963,"childRecords":[{"testStatus":{"stackTrace":"","statusValue":"INFO"},"type":"MESSAGE","name":"","message":"Evaluating variables for test case","startTime":1523341295139,"endTime":0,"childRecords":[],"interuppted":false},{"index":-1,"isIgnoredIfFailed":false,"type":"TEST_STEP","name":"Start listener action : BeforeTestCaseOpenBrowser","message":"Invoke \u0027com.kms.katalon.core.annotation.BeforeTestCase\u0027 method: \u0027ImScan.BeforeTestCaseOpenBrowser(...)\u0027 completed.","description":"","startTime":1523341295139,"endTime":1523341301360,"childRecords":[{"index":1,"isIgnoredIfFailed":false,"type":"TEST_STEP","name":"openBrowser","message":"Browser is opened with url: \u0027http://192.168.30.101/CSSIMSCANUI/Login/Index\u0027","description":"","startTime":1523341295140,"endTime":1523341300187,"childRecords":[{"testStatus":{"stackTrace":"","statusValue":"WARNING"},"type":"MESSAGE","name":"","message":"A browser is already opened. Closing browser and opening a new one","startTime":1523341295141,"endTime":0,"childRecords":[],"interuppted":false},{"testStatus":{"stackTrace":"","statusValue":"PASSED"},"type":"MESSAGE","name":"","message":"Browser is opened with url: \u0027http://192.168.30.101/CSSIMSCANUI/Login/Index\u0027","startTime":1523341300186,"endTime":0,"childRecords":[],"interuppted":false}],"interuppted":false},{"index":2,"isIgnoredIfFailed":false,"type":"TEST_STEP","name":"maximizeWindow","message":"Current window maximized","description":"","startTime":1523341300187,"endTime":1523341301357,"childRecords":[{"testStatus":{"stackTrace":"","statusValue":"PASSED"},"type":"MESSAGE","name":"","message":"Current window maximized","startTime":1523341301356,"endTime":0,"childRecords":[],"interuppted":false}],"interuppted":false},{"index":3,"isIgnoredIfFailed":false,"type":"TEST_STEP","name":"Statement - TestID \u003d testCaseContext.getTestCaseId()","description":"","startTime":1523341301359,"endTime":1523341301359,"childRecords":[],"interuppted":false},{"index":4,"isIgnoredIfFailed":false,"type":"TEST_STEP","name":"Statement - println(TestID)","message":"Invoke \u0027com.kms.katalon.core.annotation.BeforeTestCase\u0027 method: \u0027ImScan.BeforeTestCaseOpenBrowser(...)\u0027 completed.","description":"","startTime":1523341301359,"endTime":1523341301360,"childRecords":[],"interuppted":false}],"interuppted":false},{"index":1,"isIgnoredIfFailed":false,"type":"TEST_STEP","name":"setText","message":"Text \u0027Dixita\u0027 is set on object \u0027Object Repository/Login/Page_IMSCAN/input_UserName\u0027","description":"","startTime":1523341301504,"endTime":1523341301651,"childRecords":[{"testStatus":{"stackTrace":"","statusValue":"PASSED"},"type":"MESSAGE","name":"","message":"Text \u0027Dixita\u0027 is set on object \u0027Object Repository/Login/Page_IMSCAN/input_UserName\u0027","startTime":1523341301642,"endTime":0,"childRecords":[],"interuppted":false}],"interuppted":false},{"index":2,"isIgnoredIfFailed":false,"type":"TEST_STEP","name":"setText","message":"Text \u0027Dixita456\u0027 is set on object \u0027Object Repository/Login/Page_IMSCAN/input_Password\u0027","description":"","startTime":1523341301652,"endTime":1523341301830,"childRecords":[{"testStatus":{"stackTrace":"","statusValue":"PASSED"},"type":"MESSAGE","name":"","message":"Text \u0027Dixita456\u0027 is set on object \u0027Object Repository/Login/Page_IMSCAN/input_Password\u0027","startTime":1523341301830,"endTime":0,"childRecords":[],"interuppted":false}],"interuppted":false},{"index":3,"isIgnoredIfFailed":false,"type":"TEST_STEP","name":"click","message":"Object: \u0027Object Repository/Login/Page_IMSCAN/button_Login\u0027 is clicked on","description":"","startTime":1523341301831,"endTime":1523341301953,"childRecords":[{"testStatus":{"stackTrace":"","statusValue":"PASSED"},"type":"MESSAGE","name":"","message":"Object: \u0027Object Repository/Login/Page_IMSCAN/button_Login\u0027 is clicked on","startTime":1523341301952,"endTime":0,"childRecords":[],"interuppted":false}],"interuppted":false},{"index":4,"isIgnoredIfFailed":false,"type":"TEST_STEP","name":"click","message":"Object: \u0027Object Repository/Settings/ClickOnSettings\u0027 is clicked on","description":"","startTime":1523341301953,"endTime":1523341302435,"childRecords":[{"testStatus":{"stackTrace":"","statusValue":"PASSED"},"type":"MESSAGE","name":"","message":"Object: \u0027Object Repository/Settings/ClickOnSettings\u0027 is clicked on","startTime":1523341302435,"endTime":0,"childRecords":[],"interuppted":false}],"interuppted":false},{"index":5,"isIgnoredIfFailed":false,"type":"TEST_STEP","name":"click","message":"Object: \u0027Object Repository/Settings/ClickOnSMTPsettings\u0027 is clicked on","description":"","startTime":1523341302436,"endTime":1523341302635,"childRecords":[{"testStatus":{"stackTrace":"","statusValue":"PASSED"},"type":"MESSAGE","name":"","message":"Object: \u0027Object Repository/Settings/ClickOnSMTPsettings\u0027 is clicked on","startTime":1523341302634,"endTime":0,"childRecords":[],"interuppted":false}],"interuppted":false},{"index":6,"isIgnoredIfFailed":false,"type":"TEST_STEP","name":"click","message":"Object: \u0027Object Repository/Settings/AddSMTPsettings\u0027 is clicked on","description":"","startTime":1523341302635,"endTime":1523341302799,"childRecords":[{"testStatus":{"stackTrace":"","statusValue":"PASSED"},"type":"MESSAGE","name":"","message":"Object: \u0027Object Repository/Settings/AddSMTPsettings\u0027 is clicked on","startTime":1523341302799,"endTime":0,"childRecords":[],"interuppted":false}],"interuppted":false},{"index":7,"isIgnoredIfFailed":false,"type":"TEST_STEP","name":"focus","message":"Object: \u0027Object Repository/Settings/AddSMTPPopup\u0027 is focused","description":"","startTime":1523341302799,"endTime":1523341302860,"childRecords":[{"testStatus":{"stackTrace":"","statusValue":"PASSED"},"type":"MESSAGE","name":"","message":"Object: \u0027Object Repository/Settings/AddSMTPPopup\u0027 is focused","startTime":1523341302860,"endTime":0,"childRecords":[],"interuppted":false}],"interuppted":false},{"index":8,"isIgnoredIfFailed":false,"type":"TEST_STEP","name":"delay","message":"Delayed 3 second(s)","description":"","startTime":1523341302861,"endTime":1523341305863,"childRecords":[{"testStatus":{"stackTrace":"","statusValue":"PASSED"},"type":"MESSAGE","name":"","message":"Delayed 3 second(s)","startTime":1523341305862,"endTime":0,"childRecords":[],"interuppted":false}],"interuppted":false},{"index":9,"isIgnoredIfFailed":false,"type":"TEST_STEP","name":"setText","message":"Text \u002724\u0027 is set on object \u0027Object Repository/Settings/IncomingServerName\u0027","description":"","startTime":1523341305864,"endTime":1523341306044,"childRecords":[{"testStatus":{"stackTrace":"","statusValue":"PASSED"},"type":"MESSAGE","name":"","message":"Text \u002724\u0027 is set on object \u0027Object Repository/Settings/IncomingServerName\u0027","startTime":1523341306044,"endTime":0,"childRecords":[],"interuppted":false}],"interuppted":false},{"index":10,"isIgnoredIfFailed":false,"type":"TEST_STEP","name":"setText","message":"Text \u002724\u0027 is set on object \u0027Object Repository/Settings/OutgoingServerName\u0027","description":"","startTime":1523341306045,"endTime":1523341306167,"childRecords":[{"testStatus":{"stackTrace":"","statusValue":"PASSED"},"type":"MESSAGE","name":"","message":"Text \u002724\u0027 is set on object \u0027Object Repository/Settings/OutgoingServerName\u0027","startTime":1523341306166,"endTime":0,"childRecords":[],"interuppted":false}],"interuppted":false},{"index":11,"isIgnoredIfFailed":false,"type":"TEST_STEP","name":"setText","message":"Text \u002724\u0027 is set on object \u0027Object Repository/Settings/IncomingIncrytionMethod\u0027","description":"","startTime":1523341306167,"endTime":1523341306325,"childRecords":[{"testStatus":{"stackTrace":"","statusValue":"PASSED"},"type":"MESSAGE","name":"","message":"Text \u002724\u0027 is set on object \u0027Object Repository/Settings/IncomingIncrytionMethod\u0027","startTime":1523341306324,"endTime":0,"childRecords":[],"interuppted":false}],"interuppted":false},{"index":12,"isIgnoredIfFailed":false,"type":"TEST_STEP","name":"setText","message":"Text \u002724\u0027 is set on object \u0027Object Repository/Settings/OutgoingIncryptionMethod\u0027","description":"","startTime":1523341306326,"endTime":1523341306503,"childRecords":[{"testStatus":{"stackTrace":"","statusValue":"PASSED"},"type":"MESSAGE","name":"","message":"Text \u002724\u0027 is set on object \u0027Object Repository/Settings/OutgoingIncryptionMethod\u0027","startTime":1523341306503,"endTime":0,"childRecords":[],"interuppted":false}],"interuppted":false},{"index":13,"isIgnoredIfFailed":false,"type":"TEST_STEP","name":"setText","message":"Text \u0027DummyName24\u0027 is set on object \u0027Object Repository/Settings/UserName\u0027","description":"","startTime":1523341306504,"endTime":1523341306716,"childRecords":[{"testStatus":{"stackTrace":"","statusValue":"PASSED"},"type":"MESSAGE","name":"","message":"Text \u0027DummyName24\u0027 is set on object \u0027Object Repository/Settings/UserName\u0027","startTime":1523341306715,"endTime":0,"childRecords":[],"interuppted":false}],"interuppted":false},{"index":14,"isIgnoredIfFailed":false,"type":"TEST_STEP","name":"setText","message":"Text \u0027123\u0027 is set on object \u0027Object Repository/Settings/Password\u0027","description":"","startTime":1523341306716,"endTime":1523341306842,"childRecords":[{"testStatus":{"stackTrace":"","statusValue":"PASSED"},"type":"MESSAGE","name":"","message":"Text \u0027123\u0027 is set on object \u0027Object Repository/Settings/Password\u0027","startTime":1523341306841,"endTime":0,"childRecords":[],"interuppted":false}],"interuppted":false},{"index":15,"isIgnoredIfFailed":false,"type":"TEST_STEP","name":"click","message":"Object: \u0027Object Repository/Settings/SaveButton\u0027 is clicked on","description":"","startTime":1523341306842,"endTime":1523341306928,"childRecords":[{"testStatus":{"stackTrace":"","statusValue":"PASSED"},"type":"MESSAGE","name":"","message":"Object: \u0027Object Repository/Settings/SaveButton\u0027 is clicked on","startTime":1523341306928,"endTime":0,"childRecords":[],"interuppted":false}],"interuppted":false},{"index":16,"isIgnoredIfFailed":false,"type":"TEST_STEP","name":"delay","message":"Delayed 5 second(s)","description":"","startTime":1523341306928,"endTime":1523341311931,"childRecords":[{"testStatus":{"stackTrace":"","statusValue":"PASSED"},"type":"MESSAGE","name":"","message":"Delayed 5 second(s)","startTime":1523341311930,"endTime":0,"childRecords":[],"interuppted":false}],"interuppted":false},{"index":17,"isIgnoredIfFailed":false,"type":"TEST_STEP","name":"click","message":"Object: \u0027Object Repository/Settings/AddSMTPsettings\u0027 is clicked on","description":"","startTime":1523341311931,"endTime":1523341312025,"childRecords":[{"testStatus":{"stackTrace":"","statusValue":"PASSED"},"type":"MESSAGE","name":"","message":"Object: \u0027Object Repository/Settings/AddSMTPsettings\u0027 is clicked on","startTime":1523341312024,"endTime":0,"childRecords":[],"interuppted":false}],"interuppted":false},{"index":18,"isIgnoredIfFailed":false,"type":"TEST_STEP","name":"focus","message":"Object: \u0027Object Repository/Settings/AddSMTPPopup\u0027 is focused","description":"","startTime":1523341312025,"endTime":1523341312076,"childRecords":[{"testStatus":{"stackTrace":"","statusValue":"PASSED"},"type":"MESSAGE","name":"","message":"Object: \u0027Object Repository/Settings/AddSMTPPopup\u0027 is focused","startTime":1523341312076,"endTime":0,"childRecords":[],"interuppted":false}],"interuppted":false},{"index":19,"isIgnoredIfFailed":false,"type":"TEST_STEP","name":"delay","message":"Delayed 3 second(s)","description":"","startTime":1523341312076,"endTime":1523341315078,"childRecords":[{"testStatus":{"stackTrace":"","statusValue":"PASSED"},"type":"MESSAGE","name":"","message":"Delayed 3 second(s)","startTime":1523341315078,"endTime":0,"childRecords":[],"interuppted":false}],"interuppted":false},{"index":20,"isIgnoredIfFailed":false,"type":"TEST_STEP","name":"setText","message":"Text \u002724\u0027 is set on object \u0027Object Repository/Settings/IncomingServerName\u0027","description":"","startTime":1523341315078,"endTime":1523341315229,"childRecords":[{"testStatus":{"stackTrace":"","statusValue":"PASSED"},"type":"MESSAGE","name":"","message":"Text \u002724\u0027 is set on object \u0027Object Repository/Settings/IncomingServerName\u0027","startTime":1523341315229,"endTime":0,"childRecords":[],"interuppted":false}],"interuppted":false},{"index":21,"isIgnoredIfFailed":false,"type":"TEST_STEP","name":"setText","message":"Text \u002724\u0027 is set on object \u0027Object Repository/Settings/OutgoingServerName\u0027","description":"","startTime":1523341315229,"endTime":1523341315317,"childRecords":[{"testStatus":{"stackTrace":"","statusValue":"PASSED"},"type":"MESSAGE","name":"","message":"Text \u002724\u0027 is set on object \u0027Object Repository/Settings/OutgoingServerName\u0027","startTime":1523341315316,"endTime":0,"childRecords":[],"interuppted":false}],"interuppted":false},{"index":22,"isIgnoredIfFailed":false,"type":"TEST_STEP","name":"setText","message":"Text \u002724\u0027 is set on object \u0027Object Repository/Settings/IncomingIncrytionMethod\u0027","description":"","startTime":1523341315317,"endTime":1523341315417,"childRecords":[{"testStatus":{"stackTrace":"","statusValue":"PASSED"},"type":"MESSAGE","name":"","message":"Text \u002724\u0027 is set on object \u0027Object Repository/Settings/IncomingIncrytionMethod\u0027","startTime":1523341315417,"endTime":0,"childRecords":[],"interuppted":false}],"interuppted":false},{"index":23,"isIgnoredIfFailed":false,"type":"TEST_STEP","name":"setText","message":"Text \u002724\u0027 is set on object \u0027Object Repository/Settings/OutgoingIncryptionMethod\u0027","description":"","startTime":1523341315418,"endTime":1523341315510,"childRecords":[{"testStatus":{"stackTrace":"","statusValue":"PASSED"},"type":"MESSAGE","name":"","message":"Text \u002724\u0027 is set on object \u0027Object Repository/Settings/OutgoingIncryptionMethod\u0027","startTime":1523341315510,"endTime":0,"childRecords":[],"interuppted":false}],"interuppted":false},{"index":24,"isIgnoredIfFailed":false,"type":"TEST_STEP","name":"setText","message":"Text \u0027DummyName24\u0027 is set on object \u0027Object Repository/Settings/UserName\u0027","description":"","startTime":1523341315511,"endTime":1523341315655,"childRecords":[{"testStatus":{"stackTrace":"","statusValue":"PASSED"},"type":"MESSAGE","name":"","message":"Text \u0027DummyName24\u0027 is set on object \u0027Object Repository/Settings/UserName\u0027","startTime":1523341315653,"endTime":0,"childRecords":[],"interuppted":false}],"interuppted":false},{"index":25,"isIgnoredIfFailed":false,"type":"TEST_STEP","name":"setText","message":"Text \u0027123\u0027 is set on object \u0027Object Repository/Settings/Password\u0027","description":"","startTime":1523341315656,"endTime":1523341315759,"childRecords":[{"testStatus":{"stackTrace":"","statusValue":"PASSED"},"type":"MESSAGE","name":"","message":"Text \u0027123\u0027 is set on object \u0027Object Repository/Settings/Password\u0027","startTime":1523341315758,"endTime":0,"childRecords":[],"interuppted":false}],"interuppted":false},{"index":26,"isIgnoredIfFailed":false,"type":"TEST_STEP","name":"click","message":"Object: \u0027Object Repository/Settings/SaveButton\u0027 is clicked on","description":"","startTime":1523341315759,"endTime":1523341315836,"childRecords":[{"testStatus":{"stackTrace":"","statusValue":"PASSED"},"type":"MESSAGE","name":"","message":"Object: \u0027Object Repository/Settings/SaveButton\u0027 is clicked on","startTime":1523341315836,"endTime":0,"childRecords":[],"interuppted":false}],"interuppted":false},{"index":27,"isIgnoredIfFailed":false,"type":"TEST_STEP","name":"delay","message":"Delayed 2 second(s)","description":"","startTime":1523341315837,"endTime":1523341317840,"childRecords":[{"testStatus":{"stackTrace":"","statusValue":"PASSED"},"type":"MESSAGE","name":"","message":"Delayed 2 second(s)","startTime":1523341317839,"endTime":0,"childRecords":[],"interuppted":false}],"interuppted":false},{"index":28,"isIgnoredIfFailed":false,"type":"TEST_STEP","name":"focus","message":"Object: \u0027Object Repository/Settings/DuplicateSMTPError\u0027 is focused","description":"","startTime":1523341317840,"endTime":1523341317922,"childRecords":[{"testStatus":{"stackTrace":"","statusValue":"PASSED"},"type":"MESSAGE","name":"","message":"Object: \u0027Object Repository/Settings/DuplicateSMTPError\u0027 is focused","startTime":1523341317919,"endTime":0,"childRecords":[],"interuppted":false}],"interuppted":false},{"index":29,"isIgnoredIfFailed":false,"type":"TEST_STEP","name":"Statement - Try","description":"","startTime":1523341317923,"endTime":1523341317962,"childRecords":[{"index":1,"isIgnoredIfFailed":false,"type":"TEST_STEP","name":"Statement - ErrMsg \u003d com.kms.katalon.core.webui.keyword.WebUiBuiltInKeywords.getText(com.kms.katalon.core.testobject.ObjectRepository.findTestObject(Object Repository/Settings/DuplicateSMTPError))","message":"Text of object \u0027Object Repository/Settings/DuplicateSMTPError\u0027 is: \u0027This SMTP settings already exists.\u0027","description":"","startTime":1523341317923,"endTime":1523341317961,"childRecords":[{"testStatus":{"stackTrace":"","statusValue":"PASSED"},"type":"MESSAGE","name":"","message":"Text of object \u0027Object Repository/Settings/DuplicateSMTPError\u0027 is: \u0027This SMTP settings already exists.\u0027","startTime":1523341317960,"endTime":0,"childRecords":[],"interuppted":false}],"interuppted":false},{"index":2,"isIgnoredIfFailed":false,"type":"TEST_STEP","name":"Statement - println(ErrMsg)","description":"","startTime":1523341317961,"endTime":1523341317961,"childRecords":[],"interuppted":false},{"index":3,"isIgnoredIfFailed":false,"type":"TEST_STEP","name":"Statement - println(\"Error Message has been displayed\")","description":"","startTime":1523341317961,"endTime":1523341317962,"childRecords":[],"interuppted":false}],"interuppted":false},{"testStatus":{"stackTrace":"","statusValue":"PASSED"},"type":"MESSAGE","name":"","message":"Test Cases/Smoke/TC-91","startTime":1523341317962,"endTime":0,"childRecords":[],"interuppted":false},{"index":-1,"isIgnoredIfFailed":false,"type":"TEST_STEP","name":"Start listener action : AfterTestCaseCloseBrowser","message":"Invoke \u0027com.kms.katalon.core.annotation.AfterTestCase\u0027 method: \u0027ImScan.AfterTestCaseCloseBrowser(...)\u0027 completed.","description":"","startTime":1523341317963,"endTime":1523341317963,"childRecords":[],"interuppted":false}],"interuppted":false}],"interuppted":false}