Suite/Test/Step Name,Browser,Description,Start time,End time,Duration,Status
Presentation,Chrome 65.0.3325.181,,2018-04-11 09:51:06,2018-04-11 09:53:24,2m - 18.355s,FAILED
,,,,,,
Test Cases/Smoke/TC-09,Chrome 65.0.3325.181,,2018-04-11 09:51:07,2018-04-11 09:51:38,31.183s,FAILED
Start listener action : BeforeTestCaseOpenBrowser,Chrome 65.0.3325.181,,2018-04-11 09:51:07,2018-04-11 09:51:33,26.307s,PASSED
setText,Chrome 65.0.3325.181,,2018-04-11 09:51:33,2018-04-11 09:51:33,0.359s,PASSED
setText,Chrome 65.0.3325.181,,2018-04-11 09:51:33,2018-04-11 09:51:34,0.220s,PASSED
click,Chrome 65.0.3325.181,,2018-04-11 09:51:34,2018-04-11 09:51:34,0.212s,PASSED
verifyElementPresent,Chrome 65.0.3325.181,,2018-04-11 09:51:34,2018-04-11 09:51:38,3.868s,FAILED
Start listener action : AfterTestCaseCloseBrowser,Chrome 65.0.3325.181,,2018-04-11 09:51:38,2018-04-11 09:51:38,0.000s,PASSED
,,,,,,
Test Cases/Smoke/TC-1 Creating a new Department,Chrome 65.0.3325.181,,2018-04-11 09:51:38,2018-04-11 09:51:59,21.078s,FAILED
Start listener action : BeforeTestCaseOpenBrowser,Chrome 65.0.3325.181,,2018-04-11 09:51:38,2018-04-11 09:51:43,4.834s,PASSED
setText,Chrome 65.0.3325.181,,2018-04-11 09:51:43,2018-04-11 09:51:43,0.183s,PASSED
setText,Chrome 65.0.3325.181,,2018-04-11 09:51:43,2018-04-11 09:51:43,0.251s,PASSED
click,Chrome 65.0.3325.181,,2018-04-11 09:51:43,2018-04-11 09:51:43,0.113s,PASSED
verifyElementPresent,Chrome 65.0.3325.181,,2018-04-11 09:51:43,2018-04-11 09:51:44,1.008s,PASSED
delay,Chrome 65.0.3325.181,,2018-04-11 09:51:44,2018-04-11 09:51:47,3.036s,PASSED
click,Chrome 65.0.3325.181,,2018-04-11 09:51:47,2018-04-11 09:51:48,0.183s,PASSED
delay,Chrome 65.0.3325.181,,2018-04-11 09:51:48,2018-04-11 09:51:50,2.005s,PASSED
click,Chrome 65.0.3325.181,,2018-04-11 09:51:50,2018-04-11 09:51:50,0.166s,PASSED
waitForAlert,Chrome 65.0.3325.181,,2018-04-11 09:51:50,2018-04-11 09:51:52,2.101s,PASSED
verifyElementVisible,Chrome 65.0.3325.181,,2018-04-11 09:51:52,2018-04-11 09:51:52,0.136s,PASSED
setText,Chrome 65.0.3325.181,,2018-04-11 09:51:52,2018-04-11 09:51:52,0.169s,PASSED
setText,Chrome 65.0.3325.181,,2018-04-11 09:51:52,2018-04-11 09:51:52,0.250s,PASSED
click,Chrome 65.0.3325.181,,2018-04-11 09:51:52,2018-04-11 09:51:53,0.164s,PASSED
"Statement - var1 = com.kms.katalon.core.webui.keyword.WebUiBuiltInKeywords.setText(com.kms.katalon.core.testobject.ObjectRepository.findTestObject(Object Repository/Search/Search_Inspect), ""Nial1265"")",Chrome 65.0.3325.181,,2018-04-11 09:51:53,2018-04-11 09:51:53,0.436s,PASSED
verifyElementPresent,Chrome 65.0.3325.181,,2018-04-11 09:51:53,2018-04-11 09:51:59,5.885s,FAILED
Start listener action : AfterTestCaseCloseBrowser,Chrome 65.0.3325.181,,2018-04-11 09:51:59,2018-04-11 09:51:59,0.001s,PASSED
,,,,,,
Test Cases/Smoke/TC-143_Login_ValidLogin,Chrome 65.0.3325.181,User is able to log into the application when valid credentials are passed and be directed to Home Page,2018-04-11 09:51:59,2018-04-11 09:52:05,5.875s,PASSED
Start listener action : BeforeTestCaseOpenBrowser,Chrome 65.0.3325.181,,2018-04-11 09:51:59,2018-04-11 09:52:04,4.654s,PASSED
setText,Chrome 65.0.3325.181,,2018-04-11 09:52:04,2018-04-11 09:52:04,0.198s,PASSED
setText,Chrome 65.0.3325.181,,2018-04-11 09:52:04,2018-04-11 09:52:04,0.216s,PASSED
click,Chrome 65.0.3325.181,,2018-04-11 09:52:04,2018-04-11 09:52:04,0.106s,PASSED
click,Chrome 65.0.3325.181,,2018-04-11 09:52:04,2018-04-11 09:52:05,0.547s,PASSED
Start listener action : AfterTestCaseCloseBrowser,Chrome 65.0.3325.181,,2018-04-11 09:52:05,2018-04-11 09:52:05,0.001s,PASSED
,,,,,,
Test Cases/Smoke/TC-145_Login_InvalidLogin,Chrome 65.0.3325.181,Verify that user is able to log into the application when invalid username is passed (Username not existing in the system),2018-04-11 09:52:05,2018-04-11 09:52:10,5.428s,PASSED
Start listener action : BeforeTestCaseOpenBrowser,Chrome 65.0.3325.181,,2018-04-11 09:52:05,2018-04-11 09:52:10,4.805s,PASSED
setText,Chrome 65.0.3325.181,,2018-04-11 09:52:10,2018-04-11 09:52:10,0.152s,PASSED
setText,Chrome 65.0.3325.181,,2018-04-11 09:52:10,2018-04-11 09:52:10,0.204s,PASSED
click,Chrome 65.0.3325.181,,2018-04-11 09:52:10,2018-04-11 09:52:10,0.095s,PASSED
Start listener action : AfterTestCaseCloseBrowser,Chrome 65.0.3325.181,,2018-04-11 09:52:10,2018-04-11 09:52:10,0.001s,PASSED
,,,,,,
Test Cases/Smoke/TC-26,Chrome 65.0.3325.181,,2018-04-11 09:52:10,2018-04-11 09:52:38,27.470s,PASSED
Start listener action : BeforeTestCaseOpenBrowser,Chrome 65.0.3325.181,,2018-04-11 09:52:10,2018-04-11 09:52:15,4.899s,PASSED
setText,Chrome 65.0.3325.181,,2018-04-11 09:52:15,2018-04-11 09:52:15,0.208s,PASSED
setText,Chrome 65.0.3325.181,,2018-04-11 09:52:15,2018-04-11 09:52:16,0.228s,PASSED
click,Chrome 65.0.3325.181,,2018-04-11 09:52:16,2018-04-11 09:52:16,0.163s,PASSED
verifyElementPresent,Chrome 65.0.3325.181,,2018-04-11 09:52:16,2018-04-11 09:52:16,0.437s,PASSED
delay,Chrome 65.0.3325.181,,2018-04-11 09:52:16,2018-04-11 09:52:19,3.003s,PASSED
click,Chrome 65.0.3325.181,,2018-04-11 09:52:19,2018-04-11 09:52:19,0.198s,PASSED
click,Chrome 65.0.3325.181,,2018-04-11 09:52:19,2018-04-11 09:52:20,0.627s,PASSED
waitForAlert,Chrome 65.0.3325.181,,2018-04-11 09:52:20,2018-04-11 09:52:25,5.069s,PASSED
focus,Chrome 65.0.3325.181,,2018-04-11 09:52:25,2018-04-11 09:52:25,0.139s,PASSED
delay,Chrome 65.0.3325.181,,2018-04-11 09:52:25,2018-04-11 09:52:30,5.004s,PASSED
waitForElementVisible,Chrome 65.0.3325.181,,2018-04-11 09:52:30,2018-04-11 09:52:30,0.120s,PASSED
focus,Chrome 65.0.3325.181,,2018-04-11 09:52:30,2018-04-11 09:52:31,0.072s,PASSED
setText,Chrome 65.0.3325.181,,2018-04-11 09:52:31,2018-04-11 09:52:31,0.173s,PASSED
delay,Chrome 65.0.3325.181,,2018-04-11 09:52:31,2018-04-11 09:52:34,3.003s,PASSED
focus,Chrome 65.0.3325.181,,2018-04-11 09:52:34,2018-04-11 09:52:34,0.143s,PASSED
setText,Chrome 65.0.3325.181,,2018-04-11 09:52:34,2018-04-11 09:52:34,0.118s,PASSED
focus,Chrome 65.0.3325.181,,2018-04-11 09:52:34,2018-04-11 09:52:34,0.076s,PASSED
setText,Chrome 65.0.3325.181,,2018-04-11 09:52:34,2018-04-11 09:52:34,0.125s,PASSED
focus,Chrome 65.0.3325.181,,2018-04-11 09:52:34,2018-04-11 09:52:34,0.097s,PASSED
setText,Chrome 65.0.3325.181,,2018-04-11 09:52:34,2018-04-11 09:52:34,0.137s,PASSED
focus,Chrome 65.0.3325.181,,2018-04-11 09:52:34,2018-04-11 09:52:34,0.074s,PASSED
setText,Chrome 65.0.3325.181,,2018-04-11 09:52:34,2018-04-11 09:52:35,0.227s,PASSED
click,Chrome 65.0.3325.181,,2018-04-11 09:52:35,2018-04-11 09:52:35,0.153s,PASSED
selectOptionByValue,Chrome 65.0.3325.181,,2018-04-11 09:52:35,2018-04-11 09:52:35,0.188s,PASSED
click,Chrome 65.0.3325.181,,2018-04-11 09:52:35,2018-04-11 09:52:35,0.091s,PASSED
click,Chrome 65.0.3325.181,,2018-04-11 09:52:35,2018-04-11 09:52:35,0.120s,PASSED
scrollToElement,Chrome 65.0.3325.181,,2018-04-11 09:52:35,2018-04-11 09:52:35,0.060s,PASSED
click,Chrome 65.0.3325.181,,2018-04-11 09:52:35,2018-04-11 09:52:35,0.091s,PASSED
delay,Chrome 65.0.3325.181,,2018-04-11 09:52:35,2018-04-11 09:52:37,2.002s,PASSED
click,Chrome 65.0.3325.181,,2018-04-11 09:52:37,2018-04-11 09:52:38,0.129s,PASSED
click,Chrome 65.0.3325.181,,2018-04-11 09:52:38,2018-04-11 09:52:38,0.102s,PASSED
Start listener action : AfterTestCaseCloseBrowser,Chrome 65.0.3325.181,,2018-04-11 09:52:38,2018-04-11 09:52:38,0.000s,PASSED
,,,,,,
Test Cases/Smoke/TC-46,Chrome 65.0.3325.181,,2018-04-11 09:52:38,2018-04-11 09:52:51,13.797s,PASSED
Start listener action : BeforeTestCaseOpenBrowser,Chrome 65.0.3325.181,,2018-04-11 09:52:38,2018-04-11 09:52:43,4.908s,PASSED
setText,Chrome 65.0.3325.181,,2018-04-11 09:52:43,2018-04-11 09:52:44,1.040s,PASSED
setText,Chrome 65.0.3325.181,,2018-04-11 09:52:44,2018-04-11 09:52:44,0.292s,PASSED
click,Chrome 65.0.3325.181,,2018-04-11 09:52:44,2018-04-11 09:52:44,0.135s,PASSED
click,Chrome 65.0.3325.181,,2018-04-11 09:52:44,2018-04-11 09:52:45,0.509s,PASSED
click,Chrome 65.0.3325.181,,2018-04-11 09:52:45,2018-04-11 09:52:46,0.641s,PASSED
delay,Chrome 65.0.3325.181,,2018-04-11 09:52:46,2018-04-11 09:52:48,2.002s,PASSED
click,Chrome 65.0.3325.181,,2018-04-11 09:52:48,2018-04-11 09:52:48,0.110s,PASSED
click,Chrome 65.0.3325.181,,2018-04-11 09:52:48,2018-04-11 09:52:48,0.193s,PASSED
focus,Chrome 65.0.3325.181,,2018-04-11 09:52:48,2018-04-11 09:52:48,0.080s,PASSED
delay,Chrome 65.0.3325.181,,2018-04-11 09:52:48,2018-04-11 09:52:51,3.003s,PASSED
setText,Chrome 65.0.3325.181,,2018-04-11 09:52:51,2018-04-11 09:52:51,0.274s,PASSED
setText,Chrome 65.0.3325.181,,2018-04-11 09:52:51,2018-04-11 09:52:51,0.156s,PASSED
click,Chrome 65.0.3325.181,,2018-04-11 09:52:51,2018-04-11 09:52:51,0.114s,PASSED
Start listener action : AfterTestCaseCloseBrowser,Chrome 65.0.3325.181,,2018-04-11 09:52:51,2018-04-11 09:52:51,0.000s,PASSED
,,,,,,
Test Cases/Smoke/TC-86,Chrome 65.0.3325.181,,2018-04-11 09:52:51,2018-04-11 09:53:02,10.822s,PASSED
Start listener action : BeforeTestCaseOpenBrowser,Chrome 65.0.3325.181,,2018-04-11 09:52:51,2018-04-11 09:52:56,4.686s,PASSED
setText,Chrome 65.0.3325.181,,2018-04-11 09:52:56,2018-04-11 09:52:57,0.194s,PASSED
setText,Chrome 65.0.3325.181,,2018-04-11 09:52:57,2018-04-11 09:52:57,0.185s,PASSED
click,Chrome 65.0.3325.181,,2018-04-11 09:52:57,2018-04-11 09:52:57,0.121s,PASSED
click,Chrome 65.0.3325.181,,2018-04-11 09:52:57,2018-04-11 09:52:57,0.470s,PASSED
click,Chrome 65.0.3325.181,,2018-04-11 09:52:57,2018-04-11 09:52:57,0.158s,PASSED
click,Chrome 65.0.3325.181,,2018-04-11 09:52:57,2018-04-11 09:52:58,0.655s,PASSED
focus,Chrome 65.0.3325.181,,2018-04-11 09:52:58,2018-04-11 09:52:58,0.072s,PASSED
delay,Chrome 65.0.3325.181,,2018-04-11 09:52:58,2018-04-11 09:53:01,3.003s,PASSED
setText,Chrome 65.0.3325.181,,2018-04-11 09:53:01,2018-04-11 09:53:01,0.171s,PASSED
setText,Chrome 65.0.3325.181,,2018-04-11 09:53:01,2018-04-11 09:53:02,0.150s,PASSED
setText,Chrome 65.0.3325.181,,2018-04-11 09:53:02,2018-04-11 09:53:02,0.158s,PASSED
setText,Chrome 65.0.3325.181,,2018-04-11 09:53:02,2018-04-11 09:53:02,0.132s,PASSED
setText,Chrome 65.0.3325.181,,2018-04-11 09:53:02,2018-04-11 09:53:02,0.228s,PASSED
setText,Chrome 65.0.3325.181,,2018-04-11 09:53:02,2018-04-11 09:53:02,0.142s,PASSED
click,Chrome 65.0.3325.181,,2018-04-11 09:53:02,2018-04-11 09:53:02,0.097s,PASSED
Start listener action : AfterTestCaseCloseBrowser,Chrome 65.0.3325.181,,2018-04-11 09:53:02,2018-04-11 09:53:02,0.001s,PASSED
,,,,,,
Test Cases/Smoke/TC-91,Chrome 65.0.3325.181,,2018-04-11 09:53:02,2018-04-11 09:53:24,21.432s,PASSED
Start listener action : BeforeTestCaseOpenBrowser,Chrome 65.0.3325.181,,2018-04-11 09:53:02,2018-04-11 09:53:07,4.732s,PASSED
setText,Chrome 65.0.3325.181,,2018-04-11 09:53:07,2018-04-11 09:53:07,0.146s,PASSED
setText,Chrome 65.0.3325.181,,2018-04-11 09:53:07,2018-04-11 09:53:08,0.179s,PASSED
click,Chrome 65.0.3325.181,,2018-04-11 09:53:08,2018-04-11 09:53:08,0.094s,PASSED
click,Chrome 65.0.3325.181,,2018-04-11 09:53:08,2018-04-11 09:53:08,0.454s,PASSED
click,Chrome 65.0.3325.181,,2018-04-11 09:53:08,2018-04-11 09:53:08,0.180s,PASSED
click,Chrome 65.0.3325.181,,2018-04-11 09:53:08,2018-04-11 09:53:08,0.173s,PASSED
focus,Chrome 65.0.3325.181,,2018-04-11 09:53:08,2018-04-11 09:53:09,0.079s,PASSED
delay,Chrome 65.0.3325.181,,2018-04-11 09:53:09,2018-04-11 09:53:12,3.002s,PASSED
setText,Chrome 65.0.3325.181,,2018-04-11 09:53:12,2018-04-11 09:53:12,0.159s,PASSED
setText,Chrome 65.0.3325.181,,2018-04-11 09:53:12,2018-04-11 09:53:12,0.109s,PASSED
setText,Chrome 65.0.3325.181,,2018-04-11 09:53:12,2018-04-11 09:53:12,0.127s,PASSED
setText,Chrome 65.0.3325.181,,2018-04-11 09:53:12,2018-04-11 09:53:12,0.171s,PASSED
setText,Chrome 65.0.3325.181,,2018-04-11 09:53:12,2018-04-11 09:53:12,0.153s,PASSED
setText,Chrome 65.0.3325.181,,2018-04-11 09:53:12,2018-04-11 09:53:12,0.112s,PASSED
click,Chrome 65.0.3325.181,,2018-04-11 09:53:12,2018-04-11 09:53:12,0.112s,PASSED
delay,Chrome 65.0.3325.181,,2018-04-11 09:53:12,2018-04-11 09:53:17,5.002s,PASSED
click,Chrome 65.0.3325.181,,2018-04-11 09:53:17,2018-04-11 09:53:18,0.121s,PASSED
focus,Chrome 65.0.3325.181,,2018-04-11 09:53:18,2018-04-11 09:53:18,0.081s,PASSED
delay,Chrome 65.0.3325.181,,2018-04-11 09:53:18,2018-04-11 09:53:21,3.002s,PASSED
setText,Chrome 65.0.3325.181,,2018-04-11 09:53:21,2018-04-11 09:53:21,0.186s,PASSED
setText,Chrome 65.0.3325.181,,2018-04-11 09:53:21,2018-04-11 09:53:21,0.130s,PASSED
setText,Chrome 65.0.3325.181,,2018-04-11 09:53:21,2018-04-11 09:53:21,0.133s,PASSED
setText,Chrome 65.0.3325.181,,2018-04-11 09:53:21,2018-04-11 09:53:21,0.093s,PASSED
setText,Chrome 65.0.3325.181,,2018-04-11 09:53:21,2018-04-11 09:53:21,0.156s,PASSED
setText,Chrome 65.0.3325.181,,2018-04-11 09:53:21,2018-04-11 09:53:21,0.083s,PASSED
click,Chrome 65.0.3325.181,,2018-04-11 09:53:21,2018-04-11 09:53:22,0.082s,PASSED
delay,Chrome 65.0.3325.181,,2018-04-11 09:53:22,2018-04-11 09:53:24,2.003s,PASSED
focus,Chrome 65.0.3325.181,,2018-04-11 09:53:24,2018-04-11 09:53:24,0.103s,PASSED
Statement - Try,Chrome 65.0.3325.181,,2018-04-11 09:53:24,2018-04-11 09:53:24,0.042s,PASSED
Start listener action : AfterTestCaseCloseBrowser,Chrome 65.0.3325.181,,2018-04-11 09:53:24,2018-04-11 09:53:24,0.001s,PASSED
