{"devicePlatform":"","logFolder":"C:\\Users\\Dikshita\\git\\imscanredev\\Reports\\Presentation\\20180411_095103","runData":{"hostName":"Dikshita - RSSPL43.Remote.local","os":"Windows 10 64bit","katalonVersion":"5.3.1.1","browser":"Chrome 65.0.3325.181","hostAddress":"192.168.25.135","sessionId":"fa1dee8a70ac0424072451dd52d84e44","seleniumVersion":"3.7.1","proxyInformation":"ProxyInformation{proxyOption\u003dNO_PROXY, proxyServerType\u003dHTTP, password\u003d, proxyServerAddress\u003d, proxyServerPort\u003d0}","platform":"Windows 10"},"type":"TEST_SUITE","name":"Presentation","id":"Test Suites/Presentation","source":"","message":"Test Cases/Smoke/TC-09 FAILED because (of) Unable to verify object \u0027Object Repository/Create_a_New_Dept/VerfiyHomePageDisplayed\u0027 is present (Root cause: com.kms.katalon.core.webui.exception.WebElementNotFoundException: Web element with id: \u0027Object Repository/Create_a_New_Dept/VerfiyHomePageDisplayed\u0027 located by \u0027By.xpath: //div[text()\u003d\u0027Home\u0027]\u0027 not found)","description":"","startTime":1523420466568,"endTime":1523420604923,"childRecords":[{"isOptional":false,"type":"TEST_CASE","name":"Test Cases/Smoke/TC-09","id":"Test Cases/Smoke/TC-09","source":"C:\\\\Users\\\\Dikshita\\\\git\\\\imscanredev\\\\Test Cases\\\\Smoke\\\\TC-09.tc","message":"Test Cases/Smoke/TC-09 FAILED because (of) Unable to verify object \u0027Object Repository/Create_a_New_Dept/VerfiyHomePageDisplayed\u0027 is present (Root cause: com.kms.katalon.core.webui.exception.WebElementNotFoundException: Web element with id: \u0027Object Repository/Create_a_New_Dept/VerfiyHomePageDisplayed\u0027 located by \u0027By.xpath: //div[text()\u003d\u0027Home\u0027]\u0027 not found)","description":"","startTime":1523420467097,"endTime":1523420498280,"childRecords":[{"testStatus":{"stackTrace":"","statusValue":"INFO"},"type":"MESSAGE","name":"","message":"Evaluating variables for test case","startTime":1523420467126,"endTime":0,"childRecords":[],"interuppted":false},{"index":-1,"isIgnoredIfFailed":false,"type":"TEST_STEP","name":"Start listener action : BeforeTestCaseOpenBrowser","message":"Invoke \u0027com.kms.katalon.core.annotation.BeforeTestCase\u0027 method: \u0027ImScan.BeforeTestCaseOpenBrowser(...)\u0027 completed.","description":"","startTime":1523420467128,"endTime":1523420493435,"childRecords":[{"index":1,"isIgnoredIfFailed":false,"type":"TEST_STEP","name":"openBrowser","message":"Browser is opened with url: \u0027http://192.168.30.101/CSSIMSCANUI/Login/Index\u0027","description":"","startTime":1523420467177,"endTime":1523420492230,"childRecords":[{"testStatus":{"stackTrace":"","statusValue":"PASSED"},"type":"MESSAGE","name":"","message":"Browser is opened with url: \u0027http://192.168.30.101/CSSIMSCANUI/Login/Index\u0027","startTime":1523420492230,"endTime":0,"childRecords":[],"interuppted":false}],"interuppted":false},{"index":2,"isIgnoredIfFailed":false,"type":"TEST_STEP","name":"maximizeWindow","message":"Current window maximized","description":"","startTime":1523420492231,"endTime":1523420493424,"childRecords":[{"testStatus":{"stackTrace":"","statusValue":"PASSED"},"type":"MESSAGE","name":"","message":"Current window maximized","startTime":1523420493423,"endTime":0,"childRecords":[],"interuppted":false}],"interuppted":false},{"index":3,"isIgnoredIfFailed":false,"type":"TEST_STEP","name":"Statement - TestID \u003d testCaseContext.getTestCaseId()","description":"","startTime":1523420493424,"endTime":1523420493429,"childRecords":[],"interuppted":false},{"index":4,"isIgnoredIfFailed":false,"type":"TEST_STEP","name":"Statement - println(TestID)","message":"Invoke \u0027com.kms.katalon.core.annotation.BeforeTestCase\u0027 method: \u0027ImScan.BeforeTestCaseOpenBrowser(...)\u0027 completed.","description":"","startTime":1523420493430,"endTime":1523420493434,"childRecords":[],"interuppted":false}],"interuppted":false},{"index":1,"isIgnoredIfFailed":false,"type":"TEST_STEP","name":"setText","message":"Text \u0027Dixita\u0027 is set on object \u0027Object Repository/Login/Page_IMSCAN/input_UserName\u0027","description":"","startTime":1523420493619,"endTime":1523420493978,"childRecords":[{"testStatus":{"stackTrace":"","statusValue":"PASSED"},"type":"MESSAGE","name":"","message":"Text \u0027Dixita\u0027 is set on object \u0027Object Repository/Login/Page_IMSCAN/input_UserName\u0027","startTime":1523420493977,"endTime":0,"childRecords":[],"interuppted":false}],"interuppted":false},{"index":2,"isIgnoredIfFailed":false,"type":"TEST_STEP","name":"setText","message":"Text \u0027Dixita456\u0027 is set on object \u0027Object Repository/Login/Page_IMSCAN/input_Password\u0027","description":"","startTime":1523420493978,"endTime":1523420494198,"childRecords":[{"testStatus":{"stackTrace":"","statusValue":"PASSED"},"type":"MESSAGE","name":"","message":"Text \u0027Dixita456\u0027 is set on object \u0027Object Repository/Login/Page_IMSCAN/input_Password\u0027","startTime":1523420494197,"endTime":0,"childRecords":[],"interuppted":false}],"interuppted":false},{"index":3,"isIgnoredIfFailed":false,"type":"TEST_STEP","name":"click","message":"Object: \u0027Object Repository/Login/Page_IMSCAN/button_Login\u0027 is clicked on","description":"","startTime":1523420494199,"endTime":1523420494411,"childRecords":[{"testStatus":{"stackTrace":"","statusValue":"PASSED"},"type":"MESSAGE","name":"","message":"Object: \u0027Object Repository/Login/Page_IMSCAN/button_Login\u0027 is clicked on","startTime":1523420494410,"endTime":0,"childRecords":[],"interuppted":false}],"interuppted":false},{"attachment":"1523420497998.png","index":4,"isIgnoredIfFailed":false,"type":"TEST_STEP","name":"verifyElementPresent","message":"Unable to verify object \u0027Object Repository/Create_a_New_Dept/VerfiyHomePageDisplayed\u0027 is present (Root cause: com.kms.katalon.core.webui.exception.WebElementNotFoundException: Web element with id: \u0027Object Repository/Create_a_New_Dept/VerfiyHomePageDisplayed\u0027 located by \u0027By.xpath: //div[text()\u003d\u0027Home\u0027]\u0027 not found)","description":"","startTime":1523420494411,"endTime":1523420498279,"childRecords":[{"testStatus":{"stackTrace":"","statusValue":"FAILED"},"attachment":"1523420497593.png","type":"MESSAGE","name":"","message":"com.kms.katalon.core.webui.exception.WebElementNotFoundException: Web element with id: \u0027Object Repository/Create_a_New_Dept/VerfiyHomePageDisplayed\u0027 located by \u0027By.xpath: //div[text()\u003d\u0027Home\u0027]\u0027 not found","startTime":1523420497997,"endTime":0,"childRecords":[],"interuppted":false},{"testStatus":{"stackTrace":"","statusValue":"FAILED"},"attachment":"1523420497998.png","type":"MESSAGE","name":"","message":"Unable to verify object \u0027Object Repository/Create_a_New_Dept/VerfiyHomePageDisplayed\u0027 is present (Root cause: com.kms.katalon.core.webui.exception.WebElementNotFoundException: Web element with id: \u0027Object Repository/Create_a_New_Dept/VerfiyHomePageDisplayed\u0027 located by \u0027By.xpath: //div[text()\u003d\u0027Home\u0027]\u0027 not found)","startTime":1523420498278,"endTime":0,"childRecords":[],"interuppted":false}],"interuppted":false},{"testStatus":{"stackTrace":"","statusValue":"FAILED"},"type":"MESSAGE","name":"","message":"Test Cases/Smoke/TC-09 FAILED because (of) Unable to verify object \u0027Object Repository/Create_a_New_Dept/VerfiyHomePageDisplayed\u0027 is present (Root cause: com.kms.katalon.core.webui.exception.WebElementNotFoundException: Web element with id: \u0027Object Repository/Create_a_New_Dept/VerfiyHomePageDisplayed\u0027 located by \u0027By.xpath: //div[text()\u003d\u0027Home\u0027]\u0027 not found)","startTime":1523420498280,"endTime":0,"childRecords":[],"interuppted":false},{"index":-1,"isIgnoredIfFailed":false,"type":"TEST_STEP","name":"Start listener action : AfterTestCaseCloseBrowser","message":"Invoke \u0027com.kms.katalon.core.annotation.AfterTestCase\u0027 method: \u0027ImScan.AfterTestCaseCloseBrowser(...)\u0027 completed.","description":"","startTime":1523420498280,"endTime":1523420498280,"childRecords":[],"interuppted":false}],"interuppted":false},{"isOptional":false,"type":"TEST_CASE","name":"Test Cases/Smoke/TC-1 Creating a new Department","id":"Test Cases/Smoke/TC-1 Creating a new Department","source":"C:\\\\Users\\\\Dikshita\\\\git\\\\imscanredev\\\\Test Cases\\\\Smoke\\\\TC-1 Creating a new Department.tc","message":"Test Cases/Smoke/TC-1 Creating a new Department FAILED because (of) Unable to verify object \u0027Object Repository/Create_a_New_Dept/verifyDisplayedOrNot/td_Law1\u0027 is present (Root cause: com.kms.katalon.core.webui.exception.WebElementNotFoundException: Web element with id: \u0027Object Repository/Create_a_New_Dept/verifyDisplayedOrNot/td_Law1\u0027 located by \u0027By.xpath: //td[(text() \u003d \u0027Law1\u0027 or . \u003d \u0027Law1\u0027)]\u0027 not found)","description":"","startTime":1523420498280,"endTime":1523420519358,"childRecords":[{"testStatus":{"stackTrace":"","statusValue":"INFO"},"type":"MESSAGE","name":"","message":"Evaluating variables for test case","startTime":1523420498292,"endTime":0,"childRecords":[],"interuppted":false},{"index":-1,"isIgnoredIfFailed":false,"type":"TEST_STEP","name":"Start listener action : BeforeTestCaseOpenBrowser","message":"Invoke \u0027com.kms.katalon.core.annotation.BeforeTestCase\u0027 method: \u0027ImScan.BeforeTestCaseOpenBrowser(...)\u0027 completed.","description":"","startTime":1523420498292,"endTime":1523420503126,"childRecords":[{"index":1,"isIgnoredIfFailed":false,"type":"TEST_STEP","name":"openBrowser","message":"Browser is opened with url: \u0027http://192.168.30.101/CSSIMSCANUI/Login/Index\u0027","description":"","startTime":1523420498292,"endTime":1523420501943,"childRecords":[{"testStatus":{"stackTrace":"","statusValue":"WARNING"},"type":"MESSAGE","name":"","message":"A browser is already opened. Closing browser and opening a new one","startTime":1523420498292,"endTime":0,"childRecords":[],"interuppted":false},{"testStatus":{"stackTrace":"","statusValue":"PASSED"},"type":"MESSAGE","name":"","message":"Browser is opened with url: \u0027http://192.168.30.101/CSSIMSCANUI/Login/Index\u0027","startTime":1523420501943,"endTime":0,"childRecords":[],"interuppted":false}],"interuppted":false},{"index":2,"isIgnoredIfFailed":false,"type":"TEST_STEP","name":"maximizeWindow","message":"Current window maximized","description":"","startTime":1523420501944,"endTime":1523420503123,"childRecords":[{"testStatus":{"stackTrace":"","statusValue":"PASSED"},"type":"MESSAGE","name":"","message":"Current window maximized","startTime":1523420503123,"endTime":0,"childRecords":[],"interuppted":false}],"interuppted":false},{"index":3,"isIgnoredIfFailed":false,"type":"TEST_STEP","name":"Statement - TestID \u003d testCaseContext.getTestCaseId()","description":"","startTime":1523420503124,"endTime":1523420503124,"childRecords":[],"interuppted":false},{"index":4,"isIgnoredIfFailed":false,"type":"TEST_STEP","name":"Statement - println(TestID)","message":"Invoke \u0027com.kms.katalon.core.annotation.BeforeTestCase\u0027 method: \u0027ImScan.BeforeTestCaseOpenBrowser(...)\u0027 completed.","description":"","startTime":1523420503125,"endTime":1523420503125,"childRecords":[],"interuppted":false}],"interuppted":false},{"index":1,"isIgnoredIfFailed":false,"type":"TEST_STEP","name":"setText","message":"Text \u0027Dixita\u0027 is set on object \u0027Object Repository/Login/Page_IMSCAN/input_UserName\u0027","description":"","startTime":1523420503260,"endTime":1523420503443,"childRecords":[{"testStatus":{"stackTrace":"","statusValue":"PASSED"},"type":"MESSAGE","name":"","message":"Text \u0027Dixita\u0027 is set on object \u0027Object Repository/Login/Page_IMSCAN/input_UserName\u0027","startTime":1523420503442,"endTime":0,"childRecords":[],"interuppted":false}],"interuppted":false},{"index":2,"isIgnoredIfFailed":false,"type":"TEST_STEP","name":"setText","message":"Text \u0027Dixita456\u0027 is set on object \u0027Object Repository/Login/Page_IMSCAN/input_Password\u0027","description":"","startTime":1523420503444,"endTime":1523420503695,"childRecords":[{"testStatus":{"stackTrace":"","statusValue":"PASSED"},"type":"MESSAGE","name":"","message":"Text \u0027Dixita456\u0027 is set on object \u0027Object Repository/Login/Page_IMSCAN/input_Password\u0027","startTime":1523420503694,"endTime":0,"childRecords":[],"interuppted":false}],"interuppted":false},{"index":3,"isIgnoredIfFailed":false,"type":"TEST_STEP","name":"click","message":"Object: \u0027Object Repository/Login/Page_IMSCAN/button_Login\u0027 is clicked on","description":"","startTime":1523420503695,"endTime":1523420503808,"childRecords":[{"testStatus":{"stackTrace":"","statusValue":"PASSED"},"type":"MESSAGE","name":"","message":"Object: \u0027Object Repository/Login/Page_IMSCAN/button_Login\u0027 is clicked on","startTime":1523420503808,"endTime":0,"childRecords":[],"interuppted":false}],"interuppted":false},{"index":4,"isIgnoredIfFailed":false,"type":"TEST_STEP","name":"verifyElementPresent","message":"Object \u0027Object Repository/Create_a_New_Dept/VerfiyHomePageDisplayed\u0027 is present","description":"","startTime":1523420503809,"endTime":1523420504817,"childRecords":[{"testStatus":{"stackTrace":"","statusValue":"PASSED"},"type":"MESSAGE","name":"","message":"Object \u0027Object Repository/Create_a_New_Dept/VerfiyHomePageDisplayed\u0027 is present","startTime":1523420504816,"endTime":0,"childRecords":[],"interuppted":false}],"interuppted":false},{"index":5,"isIgnoredIfFailed":false,"type":"TEST_STEP","name":"delay","message":"Delayed 3 second(s)","description":"","startTime":1523420504817,"endTime":1523420507853,"childRecords":[{"testStatus":{"stackTrace":"","statusValue":"PASSED"},"type":"MESSAGE","name":"","message":"Delayed 3 second(s)","startTime":1523420507851,"endTime":0,"childRecords":[],"interuppted":false}],"interuppted":false},{"index":6,"isIgnoredIfFailed":false,"type":"TEST_STEP","name":"click","message":"Object: \u0027Object Repository/Create_a_New_Dept/ClickOnDepartments\u0027 is clicked on","description":"","startTime":1523420507853,"endTime":1523420508036,"childRecords":[{"testStatus":{"stackTrace":"","statusValue":"PASSED"},"type":"MESSAGE","name":"","message":"Object: \u0027Object Repository/Create_a_New_Dept/ClickOnDepartments\u0027 is clicked on","startTime":1523420508036,"endTime":0,"childRecords":[],"interuppted":false}],"interuppted":false},{"index":7,"isIgnoredIfFailed":false,"type":"TEST_STEP","name":"delay","message":"Delayed 2 second(s)","description":"","startTime":1523420508037,"endTime":1523420510042,"childRecords":[{"testStatus":{"stackTrace":"","statusValue":"PASSED"},"type":"MESSAGE","name":"","message":"Delayed 2 second(s)","startTime":1523420510039,"endTime":0,"childRecords":[],"interuppted":false}],"interuppted":false},{"index":8,"isIgnoredIfFailed":false,"type":"TEST_STEP","name":"click","message":"Object: \u0027Object Repository/Create_a_New_Dept/ClickOnCreateDept\u0027 is clicked on","description":"","startTime":1523420510044,"endTime":1523420510210,"childRecords":[{"testStatus":{"stackTrace":"","statusValue":"PASSED"},"type":"MESSAGE","name":"","message":"Object: \u0027Object Repository/Create_a_New_Dept/ClickOnCreateDept\u0027 is clicked on","startTime":1523420510209,"endTime":0,"childRecords":[],"interuppted":false}],"interuppted":false},{"index":9,"isIgnoredIfFailed":false,"type":"TEST_STEP","name":"waitForAlert","message":"No alert found after 2 second(s).","description":"","startTime":1523420510210,"endTime":1523420512311,"childRecords":[{"testStatus":{"stackTrace":"","statusValue":"WARNING"},"type":"MESSAGE","name":"","message":"No alert found after 2 second(s).","startTime":1523420512310,"endTime":0,"childRecords":[],"interuppted":false}],"interuppted":false},{"index":10,"isIgnoredIfFailed":false,"type":"TEST_STEP","name":"verifyElementVisible","message":"Object \u0027Object Repository/Create_a_New_Dept/CreateDeptPopup/PopUpforDept/h4_Create Department\u0027 is visible","description":"","startTime":1523420512312,"endTime":1523420512448,"childRecords":[{"testStatus":{"stackTrace":"","statusValue":"PASSED"},"type":"MESSAGE","name":"","message":"Object \u0027Object Repository/Create_a_New_Dept/CreateDeptPopup/PopUpforDept/h4_Create Department\u0027 is visible","startTime":1523420512448,"endTime":0,"childRecords":[],"interuppted":false}],"interuppted":false},{"index":11,"isIgnoredIfFailed":false,"type":"TEST_STEP","name":"setText","message":"Text \u00275587\u0027 is set on object \u0027Object Repository/Create_a_New_Dept/CreateDeptPopup/PopUpforDept/input_Code\u0027","description":"","startTime":1523420512449,"endTime":1523420512618,"childRecords":[{"testStatus":{"stackTrace":"","statusValue":"PASSED"},"type":"MESSAGE","name":"","message":"Text \u00275587\u0027 is set on object \u0027Object Repository/Create_a_New_Dept/CreateDeptPopup/PopUpforDept/input_Code\u0027","startTime":1523420512617,"endTime":0,"childRecords":[],"interuppted":false}],"interuppted":false},{"index":12,"isIgnoredIfFailed":false,"type":"TEST_STEP","name":"setText","message":"Text \u0027Nial1265\u0027 is set on object \u0027Object Repository/Create_a_New_Dept/CreateDeptPopup/PopUpforDept/input_Name\u0027","description":"","startTime":1523420512619,"endTime":1523420512869,"childRecords":[{"testStatus":{"stackTrace":"","statusValue":"PASSED"},"type":"MESSAGE","name":"","message":"Text \u0027Nial1265\u0027 is set on object \u0027Object Repository/Create_a_New_Dept/CreateDeptPopup/PopUpforDept/input_Name\u0027","startTime":1523420512868,"endTime":0,"childRecords":[],"interuppted":false}],"interuppted":false},{"index":13,"isIgnoredIfFailed":false,"type":"TEST_STEP","name":"click","message":"Object: \u0027Object Repository/Create_a_New_Dept/ClickOnSavePopup\u0027 is clicked on","description":"","startTime":1523420512869,"endTime":1523420513033,"childRecords":[{"testStatus":{"stackTrace":"","statusValue":"PASSED"},"type":"MESSAGE","name":"","message":"Object: \u0027Object Repository/Create_a_New_Dept/ClickOnSavePopup\u0027 is clicked on","startTime":1523420513031,"endTime":0,"childRecords":[],"interuppted":false}],"interuppted":false},{"index":14,"isIgnoredIfFailed":false,"type":"TEST_STEP","name":"Statement - var1 \u003d com.kms.katalon.core.webui.keyword.WebUiBuiltInKeywords.setText(com.kms.katalon.core.testobject.ObjectRepository.findTestObject(Object Repository/Search/Search_Inspect), \"Nial1265\")","message":"Text \u0027Nial1265\u0027 is set on object \u0027Object Repository/Search/Search_Inspect\u0027","description":"","startTime":1523420513033,"endTime":1523420513469,"childRecords":[{"testStatus":{"stackTrace":"","statusValue":"PASSED"},"type":"MESSAGE","name":"","message":"Text \u0027Nial1265\u0027 is set on object \u0027Object Repository/Search/Search_Inspect\u0027","startTime":1523420513468,"endTime":0,"childRecords":[],"interuppted":false}],"interuppted":false},{"attachment":"1523420519076.png","index":15,"isIgnoredIfFailed":false,"type":"TEST_STEP","name":"verifyElementPresent","message":"Unable to verify object \u0027Object Repository/Create_a_New_Dept/verifyDisplayedOrNot/td_Law1\u0027 is present (Root cause: com.kms.katalon.core.webui.exception.WebElementNotFoundException: Web element with id: \u0027Object Repository/Create_a_New_Dept/verifyDisplayedOrNot/td_Law1\u0027 located by \u0027By.xpath: //td[(text() \u003d \u0027Law1\u0027 or . \u003d \u0027Law1\u0027)]\u0027 not found)","description":"","startTime":1523420513470,"endTime":1523420519355,"childRecords":[{"testStatus":{"stackTrace":"","statusValue":"FAILED"},"attachment":"1523420518755.png","type":"MESSAGE","name":"","message":"com.kms.katalon.core.webui.exception.WebElementNotFoundException: Web element with id: \u0027Object Repository/Create_a_New_Dept/verifyDisplayedOrNot/td_Law1\u0027 located by \u0027By.xpath: //td[(text() \u003d \u0027Law1\u0027 or . \u003d \u0027Law1\u0027)]\u0027 not found","startTime":1523420519076,"endTime":0,"childRecords":[],"interuppted":false},{"testStatus":{"stackTrace":"","statusValue":"FAILED"},"attachment":"1523420519076.png","type":"MESSAGE","name":"","message":"Unable to verify object \u0027Object Repository/Create_a_New_Dept/verifyDisplayedOrNot/td_Law1\u0027 is present (Root cause: com.kms.katalon.core.webui.exception.WebElementNotFoundException: Web element with id: \u0027Object Repository/Create_a_New_Dept/verifyDisplayedOrNot/td_Law1\u0027 located by \u0027By.xpath: //td[(text() \u003d \u0027Law1\u0027 or . \u003d \u0027Law1\u0027)]\u0027 not found)","startTime":1523420519354,"endTime":0,"childRecords":[],"interuppted":false}],"interuppted":false},{"testStatus":{"stackTrace":"","statusValue":"FAILED"},"type":"MESSAGE","name":"","message":"Test Cases/Smoke/TC-1 Creating a new Department FAILED because (of) Unable to verify object \u0027Object Repository/Create_a_New_Dept/verifyDisplayedOrNot/td_Law1\u0027 is present (Root cause: com.kms.katalon.core.webui.exception.WebElementNotFoundException: Web element with id: \u0027Object Repository/Create_a_New_Dept/verifyDisplayedOrNot/td_Law1\u0027 located by \u0027By.xpath: //td[(text() \u003d \u0027Law1\u0027 or . \u003d \u0027Law1\u0027)]\u0027 not found)","startTime":1523420519355,"endTime":0,"childRecords":[],"interuppted":false},{"index":-1,"isIgnoredIfFailed":false,"type":"TEST_STEP","name":"Start listener action : AfterTestCaseCloseBrowser","message":"Invoke \u0027com.kms.katalon.core.annotation.AfterTestCase\u0027 method: \u0027ImScan.AfterTestCaseCloseBrowser(...)\u0027 completed.","description":"","startTime":1523420519356,"endTime":1523420519357,"childRecords":[],"interuppted":false}],"interuppted":false},{"isOptional":false,"type":"TEST_CASE","name":"Test Cases/Smoke/TC-143_Login_ValidLogin","id":"Test Cases/Smoke/TC-143_Login_ValidLogin","source":"C:\\\\Users\\\\Dikshita\\\\git\\\\imscanredev\\\\Test Cases\\\\Smoke\\\\TC-143_Login_ValidLogin.tc","message":"Invoke \u0027com.kms.katalon.core.annotation.AfterTestCase\u0027 method: \u0027ImScan.AfterTestCaseCloseBrowser(...)\u0027 completed.","description":"User is able to log into the application when valid credentials are passed and be directed to Home Page","startTime":1523420519362,"endTime":1523420525237,"childRecords":[{"testStatus":{"stackTrace":"","statusValue":"INFO"},"type":"MESSAGE","name":"","message":"Evaluating variables for test case","startTime":1523420519369,"endTime":0,"childRecords":[],"interuppted":false},{"index":-1,"isIgnoredIfFailed":false,"type":"TEST_STEP","name":"Start listener action : BeforeTestCaseOpenBrowser","message":"Invoke \u0027com.kms.katalon.core.annotation.BeforeTestCase\u0027 method: \u0027ImScan.BeforeTestCaseOpenBrowser(...)\u0027 completed.","description":"","startTime":1523420519370,"endTime":1523420524024,"childRecords":[{"index":1,"isIgnoredIfFailed":false,"type":"TEST_STEP","name":"openBrowser","message":"Browser is opened with url: \u0027http://192.168.30.101/CSSIMSCANUI/Login/Index\u0027","description":"","startTime":1523420519371,"endTime":1523420522848,"childRecords":[{"testStatus":{"stackTrace":"","statusValue":"WARNING"},"type":"MESSAGE","name":"","message":"A browser is already opened. Closing browser and opening a new one","startTime":1523420519372,"endTime":0,"childRecords":[],"interuppted":false},{"testStatus":{"stackTrace":"","statusValue":"PASSED"},"type":"MESSAGE","name":"","message":"Browser is opened with url: \u0027http://192.168.30.101/CSSIMSCANUI/Login/Index\u0027","startTime":1523420522847,"endTime":0,"childRecords":[],"interuppted":false}],"interuppted":false},{"index":2,"isIgnoredIfFailed":false,"type":"TEST_STEP","name":"maximizeWindow","message":"Current window maximized","description":"","startTime":1523420522848,"endTime":1523420524023,"childRecords":[{"testStatus":{"stackTrace":"","statusValue":"PASSED"},"type":"MESSAGE","name":"","message":"Current window maximized","startTime":1523420524023,"endTime":0,"childRecords":[],"interuppted":false}],"interuppted":false},{"index":3,"isIgnoredIfFailed":false,"type":"TEST_STEP","name":"Statement - TestID \u003d testCaseContext.getTestCaseId()","description":"","startTime":1523420524023,"endTime":1523420524024,"childRecords":[],"interuppted":false},{"index":4,"isIgnoredIfFailed":false,"type":"TEST_STEP","name":"Statement - println(TestID)","message":"Invoke \u0027com.kms.katalon.core.annotation.BeforeTestCase\u0027 method: \u0027ImScan.BeforeTestCaseOpenBrowser(...)\u0027 completed.","description":"","startTime":1523420524024,"endTime":1523420524024,"childRecords":[],"interuppted":false}],"interuppted":false},{"index":1,"isIgnoredIfFailed":false,"type":"TEST_STEP","name":"setText","message":"Text \u0027Dixita\u0027 is set on object \u0027Object Repository/Login/Page_IMSCAN/input_UserName\u0027","description":"","startTime":1523420524167,"endTime":1523420524365,"childRecords":[{"testStatus":{"stackTrace":"","statusValue":"PASSED"},"type":"MESSAGE","name":"","message":"Text \u0027Dixita\u0027 is set on object \u0027Object Repository/Login/Page_IMSCAN/input_UserName\u0027","startTime":1523420524364,"endTime":0,"childRecords":[],"interuppted":false}],"interuppted":false},{"index":2,"isIgnoredIfFailed":false,"type":"TEST_STEP","name":"setText","message":"Text \u0027Dixita456\u0027 is set on object \u0027Object Repository/Login/Page_IMSCAN/input_Password\u0027","description":"","startTime":1523420524365,"endTime":1523420524581,"childRecords":[{"testStatus":{"stackTrace":"","statusValue":"PASSED"},"type":"MESSAGE","name":"","message":"Text \u0027Dixita456\u0027 is set on object \u0027Object Repository/Login/Page_IMSCAN/input_Password\u0027","startTime":1523420524581,"endTime":0,"childRecords":[],"interuppted":false}],"interuppted":false},{"index":3,"isIgnoredIfFailed":false,"type":"TEST_STEP","name":"click","message":"Object: \u0027Object Repository/Login/Page_IMSCAN/button_Login\u0027 is clicked on","description":"","startTime":1523420524581,"endTime":1523420524687,"childRecords":[{"testStatus":{"stackTrace":"","statusValue":"PASSED"},"type":"MESSAGE","name":"","message":"Object: \u0027Object Repository/Login/Page_IMSCAN/button_Login\u0027 is clicked on","startTime":1523420524686,"endTime":0,"childRecords":[],"interuppted":false}],"interuppted":false},{"index":4,"isIgnoredIfFailed":false,"type":"TEST_STEP","name":"click","message":"Object: \u0027Object Repository/Login/Page_IMSCAN - EDoc System/div_Home\u0027 is clicked on","description":"","startTime":1523420524687,"endTime":1523420525234,"childRecords":[{"testStatus":{"stackTrace":"","statusValue":"PASSED"},"type":"MESSAGE","name":"","message":"Object: \u0027Object Repository/Login/Page_IMSCAN - EDoc System/div_Home\u0027 is clicked on","startTime":1523420525234,"endTime":0,"childRecords":[],"interuppted":false}],"interuppted":false},{"testStatus":{"stackTrace":"","statusValue":"PASSED"},"type":"MESSAGE","name":"","message":"Test Cases/Smoke/TC-143_Login_ValidLogin","startTime":1523420525235,"endTime":0,"childRecords":[],"interuppted":false},{"index":-1,"isIgnoredIfFailed":false,"type":"TEST_STEP","name":"Start listener action : AfterTestCaseCloseBrowser","message":"Invoke \u0027com.kms.katalon.core.annotation.AfterTestCase\u0027 method: \u0027ImScan.AfterTestCaseCloseBrowser(...)\u0027 completed.","description":"","startTime":1523420525235,"endTime":1523420525236,"childRecords":[],"interuppted":false}],"interuppted":false},{"isOptional":false,"type":"TEST_CASE","name":"Test Cases/Smoke/TC-145_Login_InvalidLogin","id":"Test Cases/Smoke/TC-145_Login_InvalidLogin","source":"C:\\\\Users\\\\Dikshita\\\\git\\\\imscanredev\\\\Test Cases\\\\Smoke\\\\TC-145_Login_InvalidLogin.tc","message":"Invoke \u0027com.kms.katalon.core.annotation.AfterTestCase\u0027 method: \u0027ImScan.AfterTestCaseCloseBrowser(...)\u0027 completed.","description":"Verify that user is able to log into the application when invalid username is passed (Username not existing in the system)","startTime":1523420525239,"endTime":1523420530667,"childRecords":[{"testStatus":{"stackTrace":"","statusValue":"INFO"},"type":"MESSAGE","name":"","message":"Evaluating variables for test case","startTime":1523420525260,"endTime":0,"childRecords":[],"interuppted":false},{"index":-1,"isIgnoredIfFailed":false,"type":"TEST_STEP","name":"Start listener action : BeforeTestCaseOpenBrowser","message":"Invoke \u0027com.kms.katalon.core.annotation.BeforeTestCase\u0027 method: \u0027ImScan.BeforeTestCaseOpenBrowser(...)\u0027 completed.","description":"","startTime":1523420525261,"endTime":1523420530066,"childRecords":[{"index":1,"isIgnoredIfFailed":false,"type":"TEST_STEP","name":"openBrowser","message":"Browser is opened with url: \u0027http://192.168.30.101/CSSIMSCANUI/Login/Index\u0027","description":"","startTime":1523420525262,"endTime":1523420528892,"childRecords":[{"testStatus":{"stackTrace":"","statusValue":"WARNING"},"type":"MESSAGE","name":"","message":"A browser is already opened. Closing browser and opening a new one","startTime":1523420525263,"endTime":0,"childRecords":[],"interuppted":false},{"testStatus":{"stackTrace":"","statusValue":"PASSED"},"type":"MESSAGE","name":"","message":"Browser is opened with url: \u0027http://192.168.30.101/CSSIMSCANUI/Login/Index\u0027","startTime":1523420528892,"endTime":0,"childRecords":[],"interuppted":false}],"interuppted":false},{"index":2,"isIgnoredIfFailed":false,"type":"TEST_STEP","name":"maximizeWindow","message":"Current window maximized","description":"","startTime":1523420528893,"endTime":1523420530062,"childRecords":[{"testStatus":{"stackTrace":"","statusValue":"PASSED"},"type":"MESSAGE","name":"","message":"Current window maximized","startTime":1523420530062,"endTime":0,"childRecords":[],"interuppted":false}],"interuppted":false},{"index":3,"isIgnoredIfFailed":false,"type":"TEST_STEP","name":"Statement - TestID \u003d testCaseContext.getTestCaseId()","description":"","startTime":1523420530063,"endTime":1523420530063,"childRecords":[],"interuppted":false},{"index":4,"isIgnoredIfFailed":false,"type":"TEST_STEP","name":"Statement - println(TestID)","message":"Invoke \u0027com.kms.katalon.core.annotation.BeforeTestCase\u0027 method: \u0027ImScan.BeforeTestCaseOpenBrowser(...)\u0027 completed.","description":"","startTime":1523420530064,"endTime":1523420530065,"childRecords":[],"interuppted":false}],"interuppted":false},{"index":1,"isIgnoredIfFailed":false,"type":"TEST_STEP","name":"setText","message":"Text \u0027Dixita\u0027 is set on object \u0027Object Repository/Login/Page_IMSCAN/input_UserName\u0027","description":"","startTime":1523420530213,"endTime":1523420530365,"childRecords":[{"testStatus":{"stackTrace":"","statusValue":"PASSED"},"type":"MESSAGE","name":"","message":"Text \u0027Dixita\u0027 is set on object \u0027Object Repository/Login/Page_IMSCAN/input_UserName\u0027","startTime":1523420530365,"endTime":0,"childRecords":[],"interuppted":false}],"interuppted":false},{"index":2,"isIgnoredIfFailed":false,"type":"TEST_STEP","name":"setText","message":"Text \u0027Dixita123\u0027 is set on object \u0027Object Repository/Login/Page_IMSCAN/input_Password\u0027","description":"","startTime":1523420530366,"endTime":1523420530570,"childRecords":[{"testStatus":{"stackTrace":"","statusValue":"PASSED"},"type":"MESSAGE","name":"","message":"Text \u0027Dixita123\u0027 is set on object \u0027Object Repository/Login/Page_IMSCAN/input_Password\u0027","startTime":1523420530570,"endTime":0,"childRecords":[],"interuppted":false}],"interuppted":false},{"index":3,"isIgnoredIfFailed":false,"type":"TEST_STEP","name":"click","message":"Object: \u0027Object Repository/Login/Page_IMSCAN/button_Login\u0027 is clicked on","description":"","startTime":1523420530571,"endTime":1523420530666,"childRecords":[{"testStatus":{"stackTrace":"","statusValue":"PASSED"},"type":"MESSAGE","name":"","message":"Object: \u0027Object Repository/Login/Page_IMSCAN/button_Login\u0027 is clicked on","startTime":1523420530665,"endTime":0,"childRecords":[],"interuppted":false}],"interuppted":false},{"testStatus":{"stackTrace":"","statusValue":"PASSED"},"type":"MESSAGE","name":"","message":"Test Cases/Smoke/TC-145_Login_InvalidLogin","startTime":1523420530666,"endTime":0,"childRecords":[],"interuppted":false},{"index":-1,"isIgnoredIfFailed":false,"type":"TEST_STEP","name":"Start listener action : AfterTestCaseCloseBrowser","message":"Invoke \u0027com.kms.katalon.core.annotation.AfterTestCase\u0027 method: \u0027ImScan.AfterTestCaseCloseBrowser(...)\u0027 completed.","description":"","startTime":1523420530666,"endTime":1523420530667,"childRecords":[],"interuppted":false}],"interuppted":false},{"isOptional":false,"type":"TEST_CASE","name":"Test Cases/Smoke/TC-26","id":"Test Cases/Smoke/TC-26","source":"C:\\\\Users\\\\Dikshita\\\\git\\\\imscanredev\\\\Test Cases\\\\Smoke\\\\TC-26.tc","message":"Invoke \u0027com.kms.katalon.core.annotation.AfterTestCase\u0027 method: \u0027ImScan.AfterTestCaseCloseBrowser(...)\u0027 completed.","description":"","startTime":1523420530669,"endTime":1523420558139,"childRecords":[{"testStatus":{"stackTrace":"","statusValue":"INFO"},"type":"MESSAGE","name":"","message":"Evaluating variables for test case","startTime":1523420530693,"endTime":0,"childRecords":[],"interuppted":false},{"index":-1,"isIgnoredIfFailed":false,"type":"TEST_STEP","name":"Start listener action : BeforeTestCaseOpenBrowser","message":"Invoke \u0027com.kms.katalon.core.annotation.BeforeTestCase\u0027 method: \u0027ImScan.BeforeTestCaseOpenBrowser(...)\u0027 completed.","description":"","startTime":1523420530694,"endTime":1523420535593,"childRecords":[{"index":1,"isIgnoredIfFailed":false,"type":"TEST_STEP","name":"openBrowser","message":"Browser is opened with url: \u0027http://192.168.30.101/CSSIMSCANUI/Login/Index\u0027","description":"","startTime":1523420530699,"endTime":1523420534410,"childRecords":[{"testStatus":{"stackTrace":"","statusValue":"WARNING"},"type":"MESSAGE","name":"","message":"A browser is already opened. Closing browser and opening a new one","startTime":1523420530702,"endTime":0,"childRecords":[],"interuppted":false},{"testStatus":{"stackTrace":"","statusValue":"PASSED"},"type":"MESSAGE","name":"","message":"Browser is opened with url: \u0027http://192.168.30.101/CSSIMSCANUI/Login/Index\u0027","startTime":1523420534409,"endTime":0,"childRecords":[],"interuppted":false}],"interuppted":false},{"index":2,"isIgnoredIfFailed":false,"type":"TEST_STEP","name":"maximizeWindow","message":"Current window maximized","description":"","startTime":1523420534410,"endTime":1523420535592,"childRecords":[{"testStatus":{"stackTrace":"","statusValue":"PASSED"},"type":"MESSAGE","name":"","message":"Current window maximized","startTime":1523420535592,"endTime":0,"childRecords":[],"interuppted":false}],"interuppted":false},{"index":3,"isIgnoredIfFailed":false,"type":"TEST_STEP","name":"Statement - TestID \u003d testCaseContext.getTestCaseId()","description":"","startTime":1523420535592,"endTime":1523420535592,"childRecords":[],"interuppted":false},{"index":4,"isIgnoredIfFailed":false,"type":"TEST_STEP","name":"Statement - println(TestID)","message":"Invoke \u0027com.kms.katalon.core.annotation.BeforeTestCase\u0027 method: \u0027ImScan.BeforeTestCaseOpenBrowser(...)\u0027 completed.","description":"","startTime":1523420535592,"endTime":1523420535593,"childRecords":[],"interuppted":false}],"interuppted":false},{"index":1,"isIgnoredIfFailed":false,"type":"TEST_STEP","name":"setText","message":"Text \u0027Dixita\u0027 is set on object \u0027Object Repository/Login/Page_IMSCAN/input_UserName\u0027","description":"","startTime":1523420535746,"endTime":1523420535954,"childRecords":[{"testStatus":{"stackTrace":"","statusValue":"PASSED"},"type":"MESSAGE","name":"","message":"Text \u0027Dixita\u0027 is set on object \u0027Object Repository/Login/Page_IMSCAN/input_UserName\u0027","startTime":1523420535954,"endTime":0,"childRecords":[],"interuppted":false}],"interuppted":false},{"index":2,"isIgnoredIfFailed":false,"type":"TEST_STEP","name":"setText","message":"Text \u0027Dixita456\u0027 is set on object \u0027Object Repository/Login/Page_IMSCAN/input_Password\u0027","description":"","startTime":1523420535955,"endTime":1523420536183,"childRecords":[{"testStatus":{"stackTrace":"","statusValue":"PASSED"},"type":"MESSAGE","name":"","message":"Text \u0027Dixita456\u0027 is set on object \u0027Object Repository/Login/Page_IMSCAN/input_Password\u0027","startTime":1523420536182,"endTime":0,"childRecords":[],"interuppted":false}],"interuppted":false},{"index":3,"isIgnoredIfFailed":false,"type":"TEST_STEP","name":"click","message":"Object: \u0027Object Repository/Login/Page_IMSCAN/button_Login\u0027 is clicked on","description":"","startTime":1523420536183,"endTime":1523420536346,"childRecords":[{"testStatus":{"stackTrace":"","statusValue":"PASSED"},"type":"MESSAGE","name":"","message":"Object: \u0027Object Repository/Login/Page_IMSCAN/button_Login\u0027 is clicked on","startTime":1523420536346,"endTime":0,"childRecords":[],"interuppted":false}],"interuppted":false},{"index":4,"isIgnoredIfFailed":false,"type":"TEST_STEP","name":"verifyElementPresent","message":"Object \u0027Object Repository/Create_a_New_Dept/VerfiyHomePageDisplayed\u0027 is present","description":"","startTime":1523420536347,"endTime":1523420536784,"childRecords":[{"testStatus":{"stackTrace":"","statusValue":"PASSED"},"type":"MESSAGE","name":"","message":"Object \u0027Object Repository/Create_a_New_Dept/VerfiyHomePageDisplayed\u0027 is present","startTime":1523420536784,"endTime":0,"childRecords":[],"interuppted":false}],"interuppted":false},{"index":5,"isIgnoredIfFailed":false,"type":"TEST_STEP","name":"delay","message":"Delayed 3 second(s)","description":"","startTime":1523420536785,"endTime":1523420539788,"childRecords":[{"testStatus":{"stackTrace":"","statusValue":"PASSED"},"type":"MESSAGE","name":"","message":"Delayed 3 second(s)","startTime":1523420539787,"endTime":0,"childRecords":[],"interuppted":false}],"interuppted":false},{"index":6,"isIgnoredIfFailed":false,"type":"TEST_STEP","name":"click","message":"Object: \u0027Object Repository/Users/Users\u0027 is clicked on","description":"","startTime":1523420539788,"endTime":1523420539986,"childRecords":[{"testStatus":{"stackTrace":"","statusValue":"PASSED"},"type":"MESSAGE","name":"","message":"Object: \u0027Object Repository/Users/Users\u0027 is clicked on","startTime":1523420539985,"endTime":0,"childRecords":[],"interuppted":false}],"interuppted":false},{"index":7,"isIgnoredIfFailed":false,"type":"TEST_STEP","name":"click","message":"Object: \u0027Object Repository/Users/CreateUser\u0027 is clicked on","description":"","startTime":1523420539986,"endTime":1523420540613,"childRecords":[{"testStatus":{"stackTrace":"","statusValue":"PASSED"},"type":"MESSAGE","name":"","message":"Object: \u0027Object Repository/Users/CreateUser\u0027 is clicked on","startTime":1523420540613,"endTime":0,"childRecords":[],"interuppted":false}],"interuppted":false},{"index":8,"isIgnoredIfFailed":false,"type":"TEST_STEP","name":"waitForAlert","message":"No alert found after 5 second(s).","description":"","startTime":1523420540614,"endTime":1523420545683,"childRecords":[{"testStatus":{"stackTrace":"","statusValue":"WARNING"},"type":"MESSAGE","name":"","message":"No alert found after 5 second(s).","startTime":1523420545683,"endTime":0,"childRecords":[],"interuppted":false}],"interuppted":false},{"index":9,"isIgnoredIfFailed":false,"type":"TEST_STEP","name":"focus","message":"Object: \u0027Object Repository/Users/UsersPopUp/Popup\u0027 is focused","description":"","startTime":1523420545684,"endTime":1523420545823,"childRecords":[{"testStatus":{"stackTrace":"","statusValue":"PASSED"},"type":"MESSAGE","name":"","message":"Object: \u0027Object Repository/Users/UsersPopUp/Popup\u0027 is focused","startTime":1523420545822,"endTime":0,"childRecords":[],"interuppted":false}],"interuppted":false},{"index":10,"isIgnoredIfFailed":false,"type":"TEST_STEP","name":"delay","message":"Delayed 5 second(s)","description":"","startTime":1523420545823,"endTime":1523420550827,"childRecords":[{"testStatus":{"stackTrace":"","statusValue":"PASSED"},"type":"MESSAGE","name":"","message":"Delayed 5 second(s)","startTime":1523420550825,"endTime":0,"childRecords":[],"interuppted":false}],"interuppted":false},{"index":11,"isIgnoredIfFailed":false,"type":"TEST_STEP","name":"waitForElementVisible","message":"Object \u0027Object Repository/Users/Firstname\u0027 is visible","description":"","startTime":1523420550830,"endTime":1523420550950,"childRecords":[{"testStatus":{"stackTrace":"","statusValue":"PASSED"},"type":"MESSAGE","name":"","message":"Object \u0027Object Repository/Users/Firstname\u0027 is visible","startTime":1523420550950,"endTime":0,"childRecords":[],"interuppted":false}],"interuppted":false},{"index":12,"isIgnoredIfFailed":false,"type":"TEST_STEP","name":"focus","message":"Object: \u0027Object Repository/Users/Firstname\u0027 is focused","description":"","startTime":1523420550950,"endTime":1523420551022,"childRecords":[{"testStatus":{"stackTrace":"","statusValue":"PASSED"},"type":"MESSAGE","name":"","message":"Object: \u0027Object Repository/Users/Firstname\u0027 is focused","startTime":1523420551021,"endTime":0,"childRecords":[],"interuppted":false}],"interuppted":false},{"index":13,"isIgnoredIfFailed":false,"type":"TEST_STEP","name":"setText","message":"Text \u0027Stevenson\u0027 is set on object \u0027Object Repository/Users/Firstname\u0027","description":"","startTime":1523420551022,"endTime":1523420551195,"childRecords":[{"testStatus":{"stackTrace":"","statusValue":"PASSED"},"type":"MESSAGE","name":"","message":"Text \u0027Stevenson\u0027 is set on object \u0027Object Repository/Users/Firstname\u0027","startTime":1523420551194,"endTime":0,"childRecords":[],"interuppted":false}],"interuppted":false},{"index":14,"isIgnoredIfFailed":false,"type":"TEST_STEP","name":"delay","message":"Delayed 3 second(s)","description":"","startTime":1523420551195,"endTime":1523420554198,"childRecords":[{"testStatus":{"stackTrace":"","statusValue":"PASSED"},"type":"MESSAGE","name":"","message":"Delayed 3 second(s)","startTime":1523420554197,"endTime":0,"childRecords":[],"interuppted":false}],"interuppted":false},{"index":15,"isIgnoredIfFailed":false,"type":"TEST_STEP","name":"focus","message":"Object: \u0027Object Repository/Users/Lastname\u0027 is focused","description":"","startTime":1523420554198,"endTime":1523420554341,"childRecords":[{"testStatus":{"stackTrace":"","statusValue":"PASSED"},"type":"MESSAGE","name":"","message":"Object: \u0027Object Repository/Users/Lastname\u0027 is focused","startTime":1523420554341,"endTime":0,"childRecords":[],"interuppted":false}],"interuppted":false},{"index":16,"isIgnoredIfFailed":false,"type":"TEST_STEP","name":"setText","message":"Text \u0027Stevenson\u0027 is set on object \u0027Object Repository/Users/Lastname\u0027","description":"","startTime":1523420554342,"endTime":1523420554460,"childRecords":[{"testStatus":{"stackTrace":"","statusValue":"PASSED"},"type":"MESSAGE","name":"","message":"Text \u0027Stevenson\u0027 is set on object \u0027Object Repository/Users/Lastname\u0027","startTime":1523420554460,"endTime":0,"childRecords":[],"interuppted":false}],"interuppted":false},{"index":17,"isIgnoredIfFailed":false,"type":"TEST_STEP","name":"focus","message":"Object: \u0027Object Repository/Users/Username\u0027 is focused","description":"","startTime":1523420554460,"endTime":1523420554536,"childRecords":[{"testStatus":{"stackTrace":"","statusValue":"PASSED"},"type":"MESSAGE","name":"","message":"Object: \u0027Object Repository/Users/Username\u0027 is focused","startTime":1523420554536,"endTime":0,"childRecords":[],"interuppted":false}],"interuppted":false},{"index":18,"isIgnoredIfFailed":false,"type":"TEST_STEP","name":"setText","message":"Text \u0027Stevenson\u0027 is set on object \u0027Object Repository/Users/Username\u0027","description":"","startTime":1523420554537,"endTime":1523420554662,"childRecords":[{"testStatus":{"stackTrace":"","statusValue":"PASSED"},"type":"MESSAGE","name":"","message":"Text \u0027Stevenson\u0027 is set on object \u0027Object Repository/Users/Username\u0027","startTime":1523420554661,"endTime":0,"childRecords":[],"interuppted":false}],"interuppted":false},{"index":19,"isIgnoredIfFailed":false,"type":"TEST_STEP","name":"focus","message":"Object: \u0027Object Repository/Users/Password\u0027 is focused","description":"","startTime":1523420554662,"endTime":1523420554759,"childRecords":[{"testStatus":{"stackTrace":"","statusValue":"PASSED"},"type":"MESSAGE","name":"","message":"Object: \u0027Object Repository/Users/Password\u0027 is focused","startTime":1523420554759,"endTime":0,"childRecords":[],"interuppted":false}],"interuppted":false},{"index":20,"isIgnoredIfFailed":false,"type":"TEST_STEP","name":"setText","message":"Text \u0027Stevenson\u0027 is set on object \u0027Object Repository/Users/Password\u0027","description":"","startTime":1523420554759,"endTime":1523420554896,"childRecords":[{"testStatus":{"stackTrace":"","statusValue":"PASSED"},"type":"MESSAGE","name":"","message":"Text \u0027Stevenson\u0027 is set on object \u0027Object Repository/Users/Password\u0027","startTime":1523420554895,"endTime":0,"childRecords":[],"interuppted":false}],"interuppted":false},{"index":21,"isIgnoredIfFailed":false,"type":"TEST_STEP","name":"focus","message":"Object: \u0027Object Repository/Users/emailId\u0027 is focused","description":"","startTime":1523420554896,"endTime":1523420554970,"childRecords":[{"testStatus":{"stackTrace":"","statusValue":"PASSED"},"type":"MESSAGE","name":"","message":"Object: \u0027Object Repository/Users/emailId\u0027 is focused","startTime":1523420554970,"endTime":0,"childRecords":[],"interuppted":false}],"interuppted":false},{"index":22,"isIgnoredIfFailed":false,"type":"TEST_STEP","name":"setText","message":"Text \u0027Stevenson@rsspl.com\u0027 is set on object \u0027Object Repository/Users/emailId\u0027","description":"","startTime":1523420554970,"endTime":1523420555197,"childRecords":[{"testStatus":{"stackTrace":"","statusValue":"PASSED"},"type":"MESSAGE","name":"","message":"Text \u0027Stevenson@rsspl.com\u0027 is set on object \u0027Object Repository/Users/emailId\u0027","startTime":1523420555196,"endTime":0,"childRecords":[],"interuppted":false}],"interuppted":false},{"index":23,"isIgnoredIfFailed":false,"type":"TEST_STEP","name":"click","message":"Object: \u0027Object Repository/Users/RoleSelection\u0027 is clicked on","description":"","startTime":1523420555197,"endTime":1523420555350,"childRecords":[{"testStatus":{"stackTrace":"","statusValue":"PASSED"},"type":"MESSAGE","name":"","message":"Object: \u0027Object Repository/Users/RoleSelection\u0027 is clicked on","startTime":1523420555349,"endTime":0,"childRecords":[],"interuppted":false}],"interuppted":false},{"index":24,"isIgnoredIfFailed":false,"type":"TEST_STEP","name":"selectOptionByValue","message":"All options with value \u002727\u0027 are selected in object \u0027Object Repository/Users/RoleSelection\u0027 ","description":"","startTime":1523420555351,"endTime":1523420555539,"childRecords":[{"testStatus":{"stackTrace":"","statusValue":"PASSED"},"type":"MESSAGE","name":"","message":"All options with value \u002727\u0027 are selected in object \u0027Object Repository/Users/RoleSelection\u0027 ","startTime":1523420555538,"endTime":0,"childRecords":[],"interuppted":false}],"interuppted":false},{"index":25,"isIgnoredIfFailed":false,"type":"TEST_STEP","name":"click","message":"Object: \u0027Object Repository/Users/SelectAvailableDoctypes\u0027 is clicked on","description":"","startTime":1523420555539,"endTime":1523420555630,"childRecords":[{"testStatus":{"stackTrace":"","statusValue":"PASSED"},"type":"MESSAGE","name":"","message":"Object: \u0027Object Repository/Users/SelectAvailableDoctypes\u0027 is clicked on","startTime":1523420555630,"endTime":0,"childRecords":[],"interuppted":false}],"interuppted":false},{"index":26,"isIgnoredIfFailed":false,"type":"TEST_STEP","name":"click","message":"Object: \u0027Object Repository/Users/ClickOnRightbutton\u0027 is clicked on","description":"","startTime":1523420555631,"endTime":1523420555751,"childRecords":[{"testStatus":{"stackTrace":"","statusValue":"PASSED"},"type":"MESSAGE","name":"","message":"Object: \u0027Object Repository/Users/ClickOnRightbutton\u0027 is clicked on","startTime":1523420555750,"endTime":0,"childRecords":[],"interuppted":false}],"interuppted":false},{"index":27,"isIgnoredIfFailed":false,"type":"TEST_STEP","name":"scrollToElement","message":"Scroll to object \u0027Object Repository/Users/SelectAvailableDept\u0027 successfully","description":"","startTime":1523420555751,"endTime":1523420555811,"childRecords":[{"testStatus":{"stackTrace":"","statusValue":"PASSED"},"type":"MESSAGE","name":"","message":"Scroll to object \u0027Object Repository/Users/SelectAvailableDept\u0027 successfully","startTime":1523420555810,"endTime":0,"childRecords":[],"interuppted":false}],"interuppted":false},{"index":28,"isIgnoredIfFailed":false,"type":"TEST_STEP","name":"click","message":"Object: \u0027Object Repository/Users/SelectAvailableDept\u0027 is clicked on","description":"","startTime":1523420555811,"endTime":1523420555902,"childRecords":[{"testStatus":{"stackTrace":"","statusValue":"PASSED"},"type":"MESSAGE","name":"","message":"Object: \u0027Object Repository/Users/SelectAvailableDept\u0027 is clicked on","startTime":1523420555902,"endTime":0,"childRecords":[],"interuppted":false}],"interuppted":false},{"index":29,"isIgnoredIfFailed":false,"type":"TEST_STEP","name":"delay","message":"Delayed 2 second(s)","description":"","startTime":1523420555903,"endTime":1523420557905,"childRecords":[{"testStatus":{"stackTrace":"","statusValue":"PASSED"},"type":"MESSAGE","name":"","message":"Delayed 2 second(s)","startTime":1523420557904,"endTime":0,"childRecords":[],"interuppted":false}],"interuppted":false},{"index":30,"isIgnoredIfFailed":false,"type":"TEST_STEP","name":"click","message":"Object: \u0027Object Repository/Users/arrow/span_glyphicon glyphicon-chevr\u0027 is clicked on","description":"","startTime":1523420557906,"endTime":1523420558035,"childRecords":[{"testStatus":{"stackTrace":"","statusValue":"PASSED"},"type":"MESSAGE","name":"","message":"Object: \u0027Object Repository/Users/arrow/span_glyphicon glyphicon-chevr\u0027 is clicked on","startTime":1523420558035,"endTime":0,"childRecords":[],"interuppted":false}],"interuppted":false},{"index":31,"isIgnoredIfFailed":false,"type":"TEST_STEP","name":"click","message":"Object: \u0027Object Repository/Users/ClickonSaveOfPopup\u0027 is clicked on","description":"","startTime":1523420558036,"endTime":1523420558138,"childRecords":[{"testStatus":{"stackTrace":"","statusValue":"PASSED"},"type":"MESSAGE","name":"","message":"Object: \u0027Object Repository/Users/ClickonSaveOfPopup\u0027 is clicked on","startTime":1523420558138,"endTime":0,"childRecords":[],"interuppted":false}],"interuppted":false},{"testStatus":{"stackTrace":"","statusValue":"PASSED"},"type":"MESSAGE","name":"","message":"Test Cases/Smoke/TC-26","startTime":1523420558138,"endTime":0,"childRecords":[],"interuppted":false},{"index":-1,"isIgnoredIfFailed":false,"type":"TEST_STEP","name":"Start listener action : AfterTestCaseCloseBrowser","message":"Invoke \u0027com.kms.katalon.core.annotation.AfterTestCase\u0027 method: \u0027ImScan.AfterTestCaseCloseBrowser(...)\u0027 completed.","description":"","startTime":1523420558139,"endTime":1523420558139,"childRecords":[],"interuppted":false}],"interuppted":false},{"isOptional":false,"type":"TEST_CASE","name":"Test Cases/Smoke/TC-46","id":"Test Cases/Smoke/TC-46","source":"C:\\\\Users\\\\Dikshita\\\\git\\\\imscanredev\\\\Test Cases\\\\Smoke\\\\TC-46.tc","message":"Invoke \u0027com.kms.katalon.core.annotation.AfterTestCase\u0027 method: \u0027ImScan.AfterTestCaseCloseBrowser(...)\u0027 completed.","description":"","startTime":1523420558142,"endTime":1523420571939,"childRecords":[{"testStatus":{"stackTrace":"","statusValue":"INFO"},"type":"MESSAGE","name":"","message":"Evaluating variables for test case","startTime":1523420558308,"endTime":0,"childRecords":[],"interuppted":false},{"index":-1,"isIgnoredIfFailed":false,"type":"TEST_STEP","name":"Start listener action : BeforeTestCaseOpenBrowser","message":"Invoke \u0027com.kms.katalon.core.annotation.BeforeTestCase\u0027 method: \u0027ImScan.BeforeTestCaseOpenBrowser(...)\u0027 completed.","description":"","startTime":1523420558308,"endTime":1523420563216,"childRecords":[{"index":1,"isIgnoredIfFailed":false,"type":"TEST_STEP","name":"openBrowser","message":"Browser is opened with url: \u0027http://192.168.30.101/CSSIMSCANUI/Login/Index\u0027","description":"","startTime":1523420558308,"endTime":1523420562029,"childRecords":[{"testStatus":{"stackTrace":"","statusValue":"WARNING"},"type":"MESSAGE","name":"","message":"A browser is already opened. Closing browser and opening a new one","startTime":1523420558308,"endTime":0,"childRecords":[],"interuppted":false},{"testStatus":{"stackTrace":"","statusValue":"PASSED"},"type":"MESSAGE","name":"","message":"Browser is opened with url: \u0027http://192.168.30.101/CSSIMSCANUI/Login/Index\u0027","startTime":1523420562029,"endTime":0,"childRecords":[],"interuppted":false}],"interuppted":false},{"index":2,"isIgnoredIfFailed":false,"type":"TEST_STEP","name":"maximizeWindow","message":"Current window maximized","description":"","startTime":1523420562031,"endTime":1523420563212,"childRecords":[{"testStatus":{"stackTrace":"","statusValue":"PASSED"},"type":"MESSAGE","name":"","message":"Current window maximized","startTime":1523420563211,"endTime":0,"childRecords":[],"interuppted":false}],"interuppted":false},{"index":3,"isIgnoredIfFailed":false,"type":"TEST_STEP","name":"Statement - TestID \u003d testCaseContext.getTestCaseId()","description":"","startTime":1523420563212,"endTime":1523420563213,"childRecords":[],"interuppted":false},{"index":4,"isIgnoredIfFailed":false,"type":"TEST_STEP","name":"Statement - println(TestID)","message":"Invoke \u0027com.kms.katalon.core.annotation.BeforeTestCase\u0027 method: \u0027ImScan.BeforeTestCaseOpenBrowser(...)\u0027 completed.","description":"","startTime":1523420563214,"endTime":1523420563215,"childRecords":[],"interuppted":false}],"interuppted":false},{"index":1,"isIgnoredIfFailed":false,"type":"TEST_STEP","name":"setText","message":"Text \u0027Dixita\u0027 is set on object \u0027Object Repository/Login/Page_IMSCAN/input_UserName\u0027","description":"","startTime":1523420563387,"endTime":1523420564427,"childRecords":[{"testStatus":{"stackTrace":"","statusValue":"PASSED"},"type":"MESSAGE","name":"","message":"Text \u0027Dixita\u0027 is set on object \u0027Object Repository/Login/Page_IMSCAN/input_UserName\u0027","startTime":1523420564427,"endTime":0,"childRecords":[],"interuppted":false}],"interuppted":false},{"index":2,"isIgnoredIfFailed":false,"type":"TEST_STEP","name":"setText","message":"Text \u0027Dixita456\u0027 is set on object \u0027Object Repository/Login/Page_IMSCAN/input_Password\u0027","description":"","startTime":1523420564427,"endTime":1523420564719,"childRecords":[{"testStatus":{"stackTrace":"","statusValue":"PASSED"},"type":"MESSAGE","name":"","message":"Text \u0027Dixita456\u0027 is set on object \u0027Object Repository/Login/Page_IMSCAN/input_Password\u0027","startTime":1523420564718,"endTime":0,"childRecords":[],"interuppted":false}],"interuppted":false},{"index":3,"isIgnoredIfFailed":false,"type":"TEST_STEP","name":"click","message":"Object: \u0027Object Repository/Login/Page_IMSCAN/button_Login\u0027 is clicked on","description":"","startTime":1523420564719,"endTime":1523420564854,"childRecords":[{"testStatus":{"stackTrace":"","statusValue":"PASSED"},"type":"MESSAGE","name":"","message":"Object: \u0027Object Repository/Login/Page_IMSCAN/button_Login\u0027 is clicked on","startTime":1523420564853,"endTime":0,"childRecords":[],"interuppted":false}],"interuppted":false},{"index":4,"isIgnoredIfFailed":false,"type":"TEST_STEP","name":"click","message":"Object: \u0027Object Repository/Settings/ClickOnSettings\u0027 is clicked on","description":"","startTime":1523420564854,"endTime":1523420565363,"childRecords":[{"testStatus":{"stackTrace":"","statusValue":"PASSED"},"type":"MESSAGE","name":"","message":"Object: \u0027Object Repository/Settings/ClickOnSettings\u0027 is clicked on","startTime":1523420565361,"endTime":0,"childRecords":[],"interuppted":false}],"interuppted":false},{"index":5,"isIgnoredIfFailed":false,"type":"TEST_STEP","name":"click","message":"Object: \u0027Object Repository/Settings/ClickOnEmailSettings\u0027 is clicked on","description":"","startTime":1523420565363,"endTime":1523420566004,"childRecords":[{"testStatus":{"stackTrace":"","statusValue":"PASSED"},"type":"MESSAGE","name":"","message":"Object: \u0027Object Repository/Settings/ClickOnEmailSettings\u0027 is clicked on","startTime":1523420566004,"endTime":0,"childRecords":[],"interuppted":false}],"interuppted":false},{"index":6,"isIgnoredIfFailed":false,"type":"TEST_STEP","name":"delay","message":"Delayed 2 second(s)","description":"","startTime":1523420566004,"endTime":1523420568006,"childRecords":[{"testStatus":{"stackTrace":"","statusValue":"PASSED"},"type":"MESSAGE","name":"","message":"Delayed 2 second(s)","startTime":1523420568005,"endTime":0,"childRecords":[],"interuppted":false}],"interuppted":false},{"index":7,"isIgnoredIfFailed":false,"type":"TEST_STEP","name":"click","message":"Object: \u0027Object Repository/Settings/ClickOnEmailSettings\u0027 is clicked on","description":"","startTime":1523420568006,"endTime":1523420568116,"childRecords":[{"testStatus":{"stackTrace":"","statusValue":"PASSED"},"type":"MESSAGE","name":"","message":"Object: \u0027Object Repository/Settings/ClickOnEmailSettings\u0027 is clicked on","startTime":1523420568115,"endTime":0,"childRecords":[],"interuppted":false}],"interuppted":false},{"index":8,"isIgnoredIfFailed":false,"type":"TEST_STEP","name":"click","message":"Object: \u0027Object Repository/Settings/AddEmailSettings\u0027 is clicked on","description":"","startTime":1523420568116,"endTime":1523420568309,"childRecords":[{"testStatus":{"stackTrace":"","statusValue":"PASSED"},"type":"MESSAGE","name":"","message":"Object: \u0027Object Repository/Settings/AddEmailSettings\u0027 is clicked on","startTime":1523420568308,"endTime":0,"childRecords":[],"interuppted":false}],"interuppted":false},{"index":9,"isIgnoredIfFailed":false,"type":"TEST_STEP","name":"focus","message":"Object: \u0027Object Repository/Settings/EmailSettingsPopUp\u0027 is focused","description":"","startTime":1523420568309,"endTime":1523420568389,"childRecords":[{"testStatus":{"stackTrace":"","statusValue":"PASSED"},"type":"MESSAGE","name":"","message":"Object: \u0027Object Repository/Settings/EmailSettingsPopUp\u0027 is focused","startTime":1523420568388,"endTime":0,"childRecords":[],"interuppted":false}],"interuppted":false},{"index":10,"isIgnoredIfFailed":false,"type":"TEST_STEP","name":"delay","message":"Delayed 3 second(s)","description":"","startTime":1523420568390,"endTime":1523420571393,"childRecords":[{"testStatus":{"stackTrace":"","statusValue":"PASSED"},"type":"MESSAGE","name":"","message":"Delayed 3 second(s)","startTime":1523420571392,"endTime":0,"childRecords":[],"interuppted":false}],"interuppted":false},{"index":11,"isIgnoredIfFailed":false,"type":"TEST_STEP","name":"setText","message":"Text \u0027Stevenson@gmail.com\u0027 is set on object \u0027Object Repository/Settings/Email\u0027","description":"","startTime":1523420571393,"endTime":1523420571667,"childRecords":[{"testStatus":{"stackTrace":"","statusValue":"PASSED"},"type":"MESSAGE","name":"","message":"Text \u0027Stevenson@gmail.com\u0027 is set on object \u0027Object Repository/Settings/Email\u0027","startTime":1523420571666,"endTime":0,"childRecords":[],"interuppted":false}],"interuppted":false},{"index":12,"isIgnoredIfFailed":false,"type":"TEST_STEP","name":"setText","message":"Text \u0027123456\u0027 is set on object \u0027Object Repository/Settings/Password\u0027","description":"","startTime":1523420571667,"endTime":1523420571823,"childRecords":[{"testStatus":{"stackTrace":"","statusValue":"PASSED"},"type":"MESSAGE","name":"","message":"Text \u0027123456\u0027 is set on object \u0027Object Repository/Settings/Password\u0027","startTime":1523420571823,"endTime":0,"childRecords":[],"interuppted":false}],"interuppted":false},{"index":13,"isIgnoredIfFailed":false,"type":"TEST_STEP","name":"click","message":"Object: \u0027Object Repository/Settings/SaveButton\u0027 is clicked on","description":"","startTime":1523420571824,"endTime":1523420571938,"childRecords":[{"testStatus":{"stackTrace":"","statusValue":"PASSED"},"type":"MESSAGE","name":"","message":"Object: \u0027Object Repository/Settings/SaveButton\u0027 is clicked on","startTime":1523420571938,"endTime":0,"childRecords":[],"interuppted":false}],"interuppted":false},{"testStatus":{"stackTrace":"","statusValue":"PASSED"},"type":"MESSAGE","name":"","message":"Test Cases/Smoke/TC-46","startTime":1523420571938,"endTime":0,"childRecords":[],"interuppted":false},{"index":-1,"isIgnoredIfFailed":false,"type":"TEST_STEP","name":"Start listener action : AfterTestCaseCloseBrowser","message":"Invoke \u0027com.kms.katalon.core.annotation.AfterTestCase\u0027 method: \u0027ImScan.AfterTestCaseCloseBrowser(...)\u0027 completed.","description":"","startTime":1523420571939,"endTime":1523420571939,"childRecords":[],"interuppted":false}],"interuppted":false},{"isOptional":false,"type":"TEST_CASE","name":"Test Cases/Smoke/TC-86","id":"Test Cases/Smoke/TC-86","source":"C:\\\\Users\\\\Dikshita\\\\git\\\\imscanredev\\\\Test Cases\\\\Smoke\\\\TC-86.tc","message":"Invoke \u0027com.kms.katalon.core.annotation.AfterTestCase\u0027 method: \u0027ImScan.AfterTestCaseCloseBrowser(...)\u0027 completed.","description":"","startTime":1523420571942,"endTime":1523420582764,"childRecords":[{"testStatus":{"stackTrace":"","statusValue":"INFO"},"type":"MESSAGE","name":"","message":"Evaluating variables for test case","startTime":1523420571962,"endTime":0,"childRecords":[],"interuppted":false},{"index":-1,"isIgnoredIfFailed":false,"type":"TEST_STEP","name":"Start listener action : BeforeTestCaseOpenBrowser","message":"Invoke \u0027com.kms.katalon.core.annotation.BeforeTestCase\u0027 method: \u0027ImScan.BeforeTestCaseOpenBrowser(...)\u0027 completed.","description":"","startTime":1523420571963,"endTime":1523420576649,"childRecords":[{"index":1,"isIgnoredIfFailed":false,"type":"TEST_STEP","name":"openBrowser","message":"Browser is opened with url: \u0027http://192.168.30.101/CSSIMSCANUI/Login/Index\u0027","description":"","startTime":1523420571963,"endTime":1523420575473,"childRecords":[{"testStatus":{"stackTrace":"","statusValue":"WARNING"},"type":"MESSAGE","name":"","message":"A browser is already opened. Closing browser and opening a new one","startTime":1523420571964,"endTime":0,"childRecords":[],"interuppted":false},{"testStatus":{"stackTrace":"","statusValue":"PASSED"},"type":"MESSAGE","name":"","message":"Browser is opened with url: \u0027http://192.168.30.101/CSSIMSCANUI/Login/Index\u0027","startTime":1523420575473,"endTime":0,"childRecords":[],"interuppted":false}],"interuppted":false},{"index":2,"isIgnoredIfFailed":false,"type":"TEST_STEP","name":"maximizeWindow","message":"Current window maximized","description":"","startTime":1523420575474,"endTime":1523420576646,"childRecords":[{"testStatus":{"stackTrace":"","statusValue":"PASSED"},"type":"MESSAGE","name":"","message":"Current window maximized","startTime":1523420576645,"endTime":0,"childRecords":[],"interuppted":false}],"interuppted":false},{"index":3,"isIgnoredIfFailed":false,"type":"TEST_STEP","name":"Statement - TestID \u003d testCaseContext.getTestCaseId()","description":"","startTime":1523420576646,"endTime":1523420576647,"childRecords":[],"interuppted":false},{"index":4,"isIgnoredIfFailed":false,"type":"TEST_STEP","name":"Statement - println(TestID)","message":"Invoke \u0027com.kms.katalon.core.annotation.BeforeTestCase\u0027 method: \u0027ImScan.BeforeTestCaseOpenBrowser(...)\u0027 completed.","description":"","startTime":1523420576647,"endTime":1523420576648,"childRecords":[],"interuppted":false}],"interuppted":false},{"index":1,"isIgnoredIfFailed":false,"type":"TEST_STEP","name":"setText","message":"Text \u0027Dixita\u0027 is set on object \u0027Object Repository/Login/Page_IMSCAN/input_UserName\u0027","description":"","startTime":1523420576822,"endTime":1523420577016,"childRecords":[{"testStatus":{"stackTrace":"","statusValue":"PASSED"},"type":"MESSAGE","name":"","message":"Text \u0027Dixita\u0027 is set on object \u0027Object Repository/Login/Page_IMSCAN/input_UserName\u0027","startTime":1523420577015,"endTime":0,"childRecords":[],"interuppted":false}],"interuppted":false},{"index":2,"isIgnoredIfFailed":false,"type":"TEST_STEP","name":"setText","message":"Text \u0027Dixita456\u0027 is set on object \u0027Object Repository/Login/Page_IMSCAN/input_Password\u0027","description":"","startTime":1523420577016,"endTime":1523420577201,"childRecords":[{"testStatus":{"stackTrace":"","statusValue":"PASSED"},"type":"MESSAGE","name":"","message":"Text \u0027Dixita456\u0027 is set on object \u0027Object Repository/Login/Page_IMSCAN/input_Password\u0027","startTime":1523420577201,"endTime":0,"childRecords":[],"interuppted":false}],"interuppted":false},{"index":3,"isIgnoredIfFailed":false,"type":"TEST_STEP","name":"click","message":"Object: \u0027Object Repository/Login/Page_IMSCAN/button_Login\u0027 is clicked on","description":"","startTime":1523420577201,"endTime":1523420577322,"childRecords":[{"testStatus":{"stackTrace":"","statusValue":"PASSED"},"type":"MESSAGE","name":"","message":"Object: \u0027Object Repository/Login/Page_IMSCAN/button_Login\u0027 is clicked on","startTime":1523420577322,"endTime":0,"childRecords":[],"interuppted":false}],"interuppted":false},{"index":4,"isIgnoredIfFailed":false,"type":"TEST_STEP","name":"click","message":"Object: \u0027Object Repository/Settings/ClickOnSettings\u0027 is clicked on","description":"","startTime":1523420577323,"endTime":1523420577793,"childRecords":[{"testStatus":{"stackTrace":"","statusValue":"PASSED"},"type":"MESSAGE","name":"","message":"Object: \u0027Object Repository/Settings/ClickOnSettings\u0027 is clicked on","startTime":1523420577791,"endTime":0,"childRecords":[],"interuppted":false}],"interuppted":false},{"index":5,"isIgnoredIfFailed":false,"type":"TEST_STEP","name":"click","message":"Object: \u0027Object Repository/Settings/ClickOnSMTPsettings\u0027 is clicked on","description":"","startTime":1523420577794,"endTime":1523420577952,"childRecords":[{"testStatus":{"stackTrace":"","statusValue":"PASSED"},"type":"MESSAGE","name":"","message":"Object: \u0027Object Repository/Settings/ClickOnSMTPsettings\u0027 is clicked on","startTime":1523420577951,"endTime":0,"childRecords":[],"interuppted":false}],"interuppted":false},{"index":6,"isIgnoredIfFailed":false,"type":"TEST_STEP","name":"click","message":"Object: \u0027Object Repository/Settings/AddSMTPsettings\u0027 is clicked on","description":"","startTime":1523420577952,"endTime":1523420578607,"childRecords":[{"testStatus":{"stackTrace":"","statusValue":"PASSED"},"type":"MESSAGE","name":"","message":"Object: \u0027Object Repository/Settings/AddSMTPsettings\u0027 is clicked on","startTime":1523420578607,"endTime":0,"childRecords":[],"interuppted":false}],"interuppted":false},{"index":7,"isIgnoredIfFailed":false,"type":"TEST_STEP","name":"focus","message":"Object: \u0027Object Repository/Settings/AddSMTPPopup\u0027 is focused","description":"","startTime":1523420578607,"endTime":1523420578679,"childRecords":[{"testStatus":{"stackTrace":"","statusValue":"PASSED"},"type":"MESSAGE","name":"","message":"Object: \u0027Object Repository/Settings/AddSMTPPopup\u0027 is focused","startTime":1523420578677,"endTime":0,"childRecords":[],"interuppted":false}],"interuppted":false},{"index":8,"isIgnoredIfFailed":false,"type":"TEST_STEP","name":"delay","message":"Delayed 3 second(s)","description":"","startTime":1523420578679,"endTime":1523420581682,"childRecords":[{"testStatus":{"stackTrace":"","statusValue":"PASSED"},"type":"MESSAGE","name":"","message":"Delayed 3 second(s)","startTime":1523420581681,"endTime":0,"childRecords":[],"interuppted":false}],"interuppted":false},{"index":9,"isIgnoredIfFailed":false,"type":"TEST_STEP","name":"setText","message":"Text \u002719\u0027 is set on object \u0027Object Repository/Settings/IncomingServerName\u0027","description":"","startTime":1523420581682,"endTime":1523420581853,"childRecords":[{"testStatus":{"stackTrace":"","statusValue":"PASSED"},"type":"MESSAGE","name":"","message":"Text \u002719\u0027 is set on object \u0027Object Repository/Settings/IncomingServerName\u0027","startTime":1523420581853,"endTime":0,"childRecords":[],"interuppted":false}],"interuppted":false},{"index":10,"isIgnoredIfFailed":false,"type":"TEST_STEP","name":"setText","message":"Text \u002719\u0027 is set on object \u0027Object Repository/Settings/OutgoingServerName\u0027","description":"","startTime":1523420581853,"endTime":1523420582003,"childRecords":[{"testStatus":{"stackTrace":"","statusValue":"PASSED"},"type":"MESSAGE","name":"","message":"Text \u002719\u0027 is set on object \u0027Object Repository/Settings/OutgoingServerName\u0027","startTime":1523420582002,"endTime":0,"childRecords":[],"interuppted":false}],"interuppted":false},{"index":11,"isIgnoredIfFailed":false,"type":"TEST_STEP","name":"setText","message":"Text \u002719\u0027 is set on object \u0027Object Repository/Settings/IncomingIncrytionMethod\u0027","description":"","startTime":1523420582003,"endTime":1523420582161,"childRecords":[{"testStatus":{"stackTrace":"","statusValue":"PASSED"},"type":"MESSAGE","name":"","message":"Text \u002719\u0027 is set on object \u0027Object Repository/Settings/IncomingIncrytionMethod\u0027","startTime":1523420582160,"endTime":0,"childRecords":[],"interuppted":false}],"interuppted":false},{"index":12,"isIgnoredIfFailed":false,"type":"TEST_STEP","name":"setText","message":"Text \u002719\u0027 is set on object \u0027Object Repository/Settings/OutgoingIncryptionMethod\u0027","description":"","startTime":1523420582161,"endTime":1523420582293,"childRecords":[{"testStatus":{"stackTrace":"","statusValue":"PASSED"},"type":"MESSAGE","name":"","message":"Text \u002719\u0027 is set on object \u0027Object Repository/Settings/OutgoingIncryptionMethod\u0027","startTime":1523420582291,"endTime":0,"childRecords":[],"interuppted":false}],"interuppted":false},{"index":13,"isIgnoredIfFailed":false,"type":"TEST_STEP","name":"setText","message":"Text \u0027DummyName19\u0027 is set on object \u0027Object Repository/Settings/UserName\u0027","description":"","startTime":1523420582294,"endTime":1523420582522,"childRecords":[{"testStatus":{"stackTrace":"","statusValue":"PASSED"},"type":"MESSAGE","name":"","message":"Text \u0027DummyName19\u0027 is set on object \u0027Object Repository/Settings/UserName\u0027","startTime":1523420582522,"endTime":0,"childRecords":[],"interuppted":false}],"interuppted":false},{"index":14,"isIgnoredIfFailed":false,"type":"TEST_STEP","name":"setText","message":"Text \u0027123\u0027 is set on object \u0027Object Repository/Settings/Password\u0027","description":"","startTime":1523420582523,"endTime":1523420582665,"childRecords":[{"testStatus":{"stackTrace":"","statusValue":"PASSED"},"type":"MESSAGE","name":"","message":"Text \u0027123\u0027 is set on object \u0027Object Repository/Settings/Password\u0027","startTime":1523420582665,"endTime":0,"childRecords":[],"interuppted":false}],"interuppted":false},{"index":15,"isIgnoredIfFailed":false,"type":"TEST_STEP","name":"click","message":"Object: \u0027Object Repository/Settings/SaveButton\u0027 is clicked on","description":"","startTime":1523420582665,"endTime":1523420582762,"childRecords":[{"testStatus":{"stackTrace":"","statusValue":"PASSED"},"type":"MESSAGE","name":"","message":"Object: \u0027Object Repository/Settings/SaveButton\u0027 is clicked on","startTime":1523420582761,"endTime":0,"childRecords":[],"interuppted":false}],"interuppted":false},{"testStatus":{"stackTrace":"","statusValue":"PASSED"},"type":"MESSAGE","name":"","message":"Test Cases/Smoke/TC-86","startTime":1523420582762,"endTime":0,"childRecords":[],"interuppted":false},{"index":-1,"isIgnoredIfFailed":false,"type":"TEST_STEP","name":"Start listener action : AfterTestCaseCloseBrowser","message":"Invoke \u0027com.kms.katalon.core.annotation.AfterTestCase\u0027 method: \u0027ImScan.AfterTestCaseCloseBrowser(...)\u0027 completed.","description":"","startTime":1523420582762,"endTime":1523420582763,"childRecords":[],"interuppted":false}],"interuppted":false},{"isOptional":false,"type":"TEST_CASE","name":"Test Cases/Smoke/TC-91","id":"Test Cases/Smoke/TC-91","source":"C:\\\\Users\\\\Dikshita\\\\git\\\\imscanredev\\\\Test Cases\\\\Smoke\\\\TC-91.tc","message":"Invoke \u0027com.kms.katalon.core.annotation.AfterTestCase\u0027 method: \u0027ImScan.AfterTestCaseCloseBrowser(...)\u0027 completed.","description":"","startTime":1523420582765,"endTime":1523420604197,"childRecords":[{"testStatus":{"stackTrace":"","statusValue":"INFO"},"type":"MESSAGE","name":"","message":"Evaluating variables for test case","startTime":1523420582856,"endTime":0,"childRecords":[],"interuppted":false},{"index":-1,"isIgnoredIfFailed":false,"type":"TEST_STEP","name":"Start listener action : BeforeTestCaseOpenBrowser","message":"Invoke \u0027com.kms.katalon.core.annotation.BeforeTestCase\u0027 method: \u0027ImScan.BeforeTestCaseOpenBrowser(...)\u0027 completed.","description":"","startTime":1523420582856,"endTime":1523420587588,"childRecords":[{"index":1,"isIgnoredIfFailed":false,"type":"TEST_STEP","name":"openBrowser","message":"Browser is opened with url: \u0027http://192.168.30.101/CSSIMSCANUI/Login/Index\u0027","description":"","startTime":1523420582857,"endTime":1523420586404,"childRecords":[{"testStatus":{"stackTrace":"","statusValue":"WARNING"},"type":"MESSAGE","name":"","message":"A browser is already opened. Closing browser and opening a new one","startTime":1523420582857,"endTime":0,"childRecords":[],"interuppted":false},{"testStatus":{"stackTrace":"","statusValue":"PASSED"},"type":"MESSAGE","name":"","message":"Browser is opened with url: \u0027http://192.168.30.101/CSSIMSCANUI/Login/Index\u0027","startTime":1523420586403,"endTime":0,"childRecords":[],"interuppted":false}],"interuppted":false},{"index":2,"isIgnoredIfFailed":false,"type":"TEST_STEP","name":"maximizeWindow","message":"Current window maximized","description":"","startTime":1523420586404,"endTime":1523420587585,"childRecords":[{"testStatus":{"stackTrace":"","statusValue":"PASSED"},"type":"MESSAGE","name":"","message":"Current window maximized","startTime":1523420587584,"endTime":0,"childRecords":[],"interuppted":false}],"interuppted":false},{"index":3,"isIgnoredIfFailed":false,"type":"TEST_STEP","name":"Statement - TestID \u003d testCaseContext.getTestCaseId()","description":"","startTime":1523420587585,"endTime":1523420587586,"childRecords":[],"interuppted":false},{"index":4,"isIgnoredIfFailed":false,"type":"TEST_STEP","name":"Statement - println(TestID)","message":"Invoke \u0027com.kms.katalon.core.annotation.BeforeTestCase\u0027 method: \u0027ImScan.BeforeTestCaseOpenBrowser(...)\u0027 completed.","description":"","startTime":1523420587587,"endTime":1523420587587,"childRecords":[],"interuppted":false}],"interuppted":false},{"index":1,"isIgnoredIfFailed":false,"type":"TEST_STEP","name":"setText","message":"Text \u0027Dixita\u0027 is set on object \u0027Object Repository/Login/Page_IMSCAN/input_UserName\u0027","description":"","startTime":1523420587721,"endTime":1523420587867,"childRecords":[{"testStatus":{"stackTrace":"","statusValue":"PASSED"},"type":"MESSAGE","name":"","message":"Text \u0027Dixita\u0027 is set on object \u0027Object Repository/Login/Page_IMSCAN/input_UserName\u0027","startTime":1523420587866,"endTime":0,"childRecords":[],"interuppted":false}],"interuppted":false},{"index":2,"isIgnoredIfFailed":false,"type":"TEST_STEP","name":"setText","message":"Text \u0027Dixita456\u0027 is set on object \u0027Object Repository/Login/Page_IMSCAN/input_Password\u0027","description":"","startTime":1523420587867,"endTime":1523420588046,"childRecords":[{"testStatus":{"stackTrace":"","statusValue":"PASSED"},"type":"MESSAGE","name":"","message":"Text \u0027Dixita456\u0027 is set on object \u0027Object Repository/Login/Page_IMSCAN/input_Password\u0027","startTime":1523420588046,"endTime":0,"childRecords":[],"interuppted":false}],"interuppted":false},{"index":3,"isIgnoredIfFailed":false,"type":"TEST_STEP","name":"click","message":"Object: \u0027Object Repository/Login/Page_IMSCAN/button_Login\u0027 is clicked on","description":"","startTime":1523420588047,"endTime":1523420588141,"childRecords":[{"testStatus":{"stackTrace":"","statusValue":"PASSED"},"type":"MESSAGE","name":"","message":"Object: \u0027Object Repository/Login/Page_IMSCAN/button_Login\u0027 is clicked on","startTime":1523420588140,"endTime":0,"childRecords":[],"interuppted":false}],"interuppted":false},{"index":4,"isIgnoredIfFailed":false,"type":"TEST_STEP","name":"click","message":"Object: \u0027Object Repository/Settings/ClickOnSettings\u0027 is clicked on","description":"","startTime":1523420588141,"endTime":1523420588595,"childRecords":[{"testStatus":{"stackTrace":"","statusValue":"PASSED"},"type":"MESSAGE","name":"","message":"Object: \u0027Object Repository/Settings/ClickOnSettings\u0027 is clicked on","startTime":1523420588595,"endTime":0,"childRecords":[],"interuppted":false}],"interuppted":false},{"index":5,"isIgnoredIfFailed":false,"type":"TEST_STEP","name":"click","message":"Object: \u0027Object Repository/Settings/ClickOnSMTPsettings\u0027 is clicked on","description":"","startTime":1523420588595,"endTime":1523420588775,"childRecords":[{"testStatus":{"stackTrace":"","statusValue":"PASSED"},"type":"MESSAGE","name":"","message":"Object: \u0027Object Repository/Settings/ClickOnSMTPsettings\u0027 is clicked on","startTime":1523420588774,"endTime":0,"childRecords":[],"interuppted":false}],"interuppted":false},{"index":6,"isIgnoredIfFailed":false,"type":"TEST_STEP","name":"click","message":"Object: \u0027Object Repository/Settings/AddSMTPsettings\u0027 is clicked on","description":"","startTime":1523420588775,"endTime":1523420588948,"childRecords":[{"testStatus":{"stackTrace":"","statusValue":"PASSED"},"type":"MESSAGE","name":"","message":"Object: \u0027Object Repository/Settings/AddSMTPsettings\u0027 is clicked on","startTime":1523420588948,"endTime":0,"childRecords":[],"interuppted":false}],"interuppted":false},{"index":7,"isIgnoredIfFailed":false,"type":"TEST_STEP","name":"focus","message":"Object: \u0027Object Repository/Settings/AddSMTPPopup\u0027 is focused","description":"","startTime":1523420588949,"endTime":1523420589028,"childRecords":[{"testStatus":{"stackTrace":"","statusValue":"PASSED"},"type":"MESSAGE","name":"","message":"Object: \u0027Object Repository/Settings/AddSMTPPopup\u0027 is focused","startTime":1523420589027,"endTime":0,"childRecords":[],"interuppted":false}],"interuppted":false},{"index":8,"isIgnoredIfFailed":false,"type":"TEST_STEP","name":"delay","message":"Delayed 3 second(s)","description":"","startTime":1523420589029,"endTime":1523420592031,"childRecords":[{"testStatus":{"stackTrace":"","statusValue":"PASSED"},"type":"MESSAGE","name":"","message":"Delayed 3 second(s)","startTime":1523420592030,"endTime":0,"childRecords":[],"interuppted":false}],"interuppted":false},{"index":9,"isIgnoredIfFailed":false,"type":"TEST_STEP","name":"setText","message":"Text \u002726\u0027 is set on object \u0027Object Repository/Settings/IncomingServerName\u0027","description":"","startTime":1523420592031,"endTime":1523420592190,"childRecords":[{"testStatus":{"stackTrace":"","statusValue":"PASSED"},"type":"MESSAGE","name":"","message":"Text \u002726\u0027 is set on object \u0027Object Repository/Settings/IncomingServerName\u0027","startTime":1523420592190,"endTime":0,"childRecords":[],"interuppted":false}],"interuppted":false},{"index":10,"isIgnoredIfFailed":false,"type":"TEST_STEP","name":"setText","message":"Text \u002726\u0027 is set on object \u0027Object Repository/Settings/OutgoingServerName\u0027","description":"","startTime":1523420592191,"endTime":1523420592300,"childRecords":[{"testStatus":{"stackTrace":"","statusValue":"PASSED"},"type":"MESSAGE","name":"","message":"Text \u002726\u0027 is set on object \u0027Object Repository/Settings/OutgoingServerName\u0027","startTime":1523420592299,"endTime":0,"childRecords":[],"interuppted":false}],"interuppted":false},{"index":11,"isIgnoredIfFailed":false,"type":"TEST_STEP","name":"setText","message":"Text \u002726\u0027 is set on object \u0027Object Repository/Settings/IncomingIncrytionMethod\u0027","description":"","startTime":1523420592300,"endTime":1523420592427,"childRecords":[{"testStatus":{"stackTrace":"","statusValue":"PASSED"},"type":"MESSAGE","name":"","message":"Text \u002726\u0027 is set on object \u0027Object Repository/Settings/IncomingIncrytionMethod\u0027","startTime":1523420592426,"endTime":0,"childRecords":[],"interuppted":false}],"interuppted":false},{"index":12,"isIgnoredIfFailed":false,"type":"TEST_STEP","name":"setText","message":"Text \u002726\u0027 is set on object \u0027Object Repository/Settings/OutgoingIncryptionMethod\u0027","description":"","startTime":1523420592427,"endTime":1523420592598,"childRecords":[{"testStatus":{"stackTrace":"","statusValue":"PASSED"},"type":"MESSAGE","name":"","message":"Text \u002726\u0027 is set on object \u0027Object Repository/Settings/OutgoingIncryptionMethod\u0027","startTime":1523420592598,"endTime":0,"childRecords":[],"interuppted":false}],"interuppted":false},{"index":13,"isIgnoredIfFailed":false,"type":"TEST_STEP","name":"setText","message":"Text \u0027DummyName26\u0027 is set on object \u0027Object Repository/Settings/UserName\u0027","description":"","startTime":1523420592599,"endTime":1523420592752,"childRecords":[{"testStatus":{"stackTrace":"","statusValue":"PASSED"},"type":"MESSAGE","name":"","message":"Text \u0027DummyName26\u0027 is set on object \u0027Object Repository/Settings/UserName\u0027","startTime":1523420592751,"endTime":0,"childRecords":[],"interuppted":false}],"interuppted":false},{"index":14,"isIgnoredIfFailed":false,"type":"TEST_STEP","name":"setText","message":"Text \u0027123\u0027 is set on object \u0027Object Repository/Settings/Password\u0027","description":"","startTime":1523420592752,"endTime":1523420592864,"childRecords":[{"testStatus":{"stackTrace":"","statusValue":"PASSED"},"type":"MESSAGE","name":"","message":"Text \u0027123\u0027 is set on object \u0027Object Repository/Settings/Password\u0027","startTime":1523420592864,"endTime":0,"childRecords":[],"interuppted":false}],"interuppted":false},{"index":15,"isIgnoredIfFailed":false,"type":"TEST_STEP","name":"click","message":"Object: \u0027Object Repository/Settings/SaveButton\u0027 is clicked on","description":"","startTime":1523420592864,"endTime":1523420592976,"childRecords":[{"testStatus":{"stackTrace":"","statusValue":"PASSED"},"type":"MESSAGE","name":"","message":"Object: \u0027Object Repository/Settings/SaveButton\u0027 is clicked on","startTime":1523420592975,"endTime":0,"childRecords":[],"interuppted":false}],"interuppted":false},{"index":16,"isIgnoredIfFailed":false,"type":"TEST_STEP","name":"delay","message":"Delayed 5 second(s)","description":"","startTime":1523420592977,"endTime":1523420597979,"childRecords":[{"testStatus":{"stackTrace":"","statusValue":"PASSED"},"type":"MESSAGE","name":"","message":"Delayed 5 second(s)","startTime":1523420597978,"endTime":0,"childRecords":[],"interuppted":false}],"interuppted":false},{"index":17,"isIgnoredIfFailed":false,"type":"TEST_STEP","name":"click","message":"Object: \u0027Object Repository/Settings/AddSMTPsettings\u0027 is clicked on","description":"","startTime":1523420597979,"endTime":1523420598100,"childRecords":[{"testStatus":{"stackTrace":"","statusValue":"PASSED"},"type":"MESSAGE","name":"","message":"Object: \u0027Object Repository/Settings/AddSMTPsettings\u0027 is clicked on","startTime":1523420598099,"endTime":0,"childRecords":[],"interuppted":false}],"interuppted":false},{"index":18,"isIgnoredIfFailed":false,"type":"TEST_STEP","name":"focus","message":"Object: \u0027Object Repository/Settings/AddSMTPPopup\u0027 is focused","description":"","startTime":1523420598100,"endTime":1523420598181,"childRecords":[{"testStatus":{"stackTrace":"","statusValue":"PASSED"},"type":"MESSAGE","name":"","message":"Object: \u0027Object Repository/Settings/AddSMTPPopup\u0027 is focused","startTime":1523420598180,"endTime":0,"childRecords":[],"interuppted":false}],"interuppted":false},{"index":19,"isIgnoredIfFailed":false,"type":"TEST_STEP","name":"delay","message":"Delayed 3 second(s)","description":"","startTime":1523420598181,"endTime":1523420601183,"childRecords":[{"testStatus":{"stackTrace":"","statusValue":"PASSED"},"type":"MESSAGE","name":"","message":"Delayed 3 second(s)","startTime":1523420601182,"endTime":0,"childRecords":[],"interuppted":false}],"interuppted":false},{"index":20,"isIgnoredIfFailed":false,"type":"TEST_STEP","name":"setText","message":"Text \u002726\u0027 is set on object \u0027Object Repository/Settings/IncomingServerName\u0027","description":"","startTime":1523420601183,"endTime":1523420601369,"childRecords":[{"testStatus":{"stackTrace":"","statusValue":"PASSED"},"type":"MESSAGE","name":"","message":"Text \u002726\u0027 is set on object \u0027Object Repository/Settings/IncomingServerName\u0027","startTime":1523420601369,"endTime":0,"childRecords":[],"interuppted":false}],"interuppted":false},{"index":21,"isIgnoredIfFailed":false,"type":"TEST_STEP","name":"setText","message":"Text \u002726\u0027 is set on object \u0027Object Repository/Settings/OutgoingServerName\u0027","description":"","startTime":1523420601370,"endTime":1523420601500,"childRecords":[{"testStatus":{"stackTrace":"","statusValue":"PASSED"},"type":"MESSAGE","name":"","message":"Text \u002726\u0027 is set on object \u0027Object Repository/Settings/OutgoingServerName\u0027","startTime":1523420601499,"endTime":0,"childRecords":[],"interuppted":false}],"interuppted":false},{"index":22,"isIgnoredIfFailed":false,"type":"TEST_STEP","name":"setText","message":"Text \u002726\u0027 is set on object \u0027Object Repository/Settings/IncomingIncrytionMethod\u0027","description":"","startTime":1523420601500,"endTime":1523420601633,"childRecords":[{"testStatus":{"stackTrace":"","statusValue":"PASSED"},"type":"MESSAGE","name":"","message":"Text \u002726\u0027 is set on object \u0027Object Repository/Settings/IncomingIncrytionMethod\u0027","startTime":1523420601632,"endTime":0,"childRecords":[],"interuppted":false}],"interuppted":false},{"index":23,"isIgnoredIfFailed":false,"type":"TEST_STEP","name":"setText","message":"Text \u002726\u0027 is set on object \u0027Object Repository/Settings/OutgoingIncryptionMethod\u0027","description":"","startTime":1523420601633,"endTime":1523420601726,"childRecords":[{"testStatus":{"stackTrace":"","statusValue":"PASSED"},"type":"MESSAGE","name":"","message":"Text \u002726\u0027 is set on object \u0027Object Repository/Settings/OutgoingIncryptionMethod\u0027","startTime":1523420601725,"endTime":0,"childRecords":[],"interuppted":false}],"interuppted":false},{"index":24,"isIgnoredIfFailed":false,"type":"TEST_STEP","name":"setText","message":"Text \u0027DummyName26\u0027 is set on object \u0027Object Repository/Settings/UserName\u0027","description":"","startTime":1523420601726,"endTime":1523420601882,"childRecords":[{"testStatus":{"stackTrace":"","statusValue":"PASSED"},"type":"MESSAGE","name":"","message":"Text \u0027DummyName26\u0027 is set on object \u0027Object Repository/Settings/UserName\u0027","startTime":1523420601882,"endTime":0,"childRecords":[],"interuppted":false}],"interuppted":false},{"index":25,"isIgnoredIfFailed":false,"type":"TEST_STEP","name":"setText","message":"Text \u0027123\u0027 is set on object \u0027Object Repository/Settings/Password\u0027","description":"","startTime":1523420601883,"endTime":1523420601966,"childRecords":[{"testStatus":{"stackTrace":"","statusValue":"PASSED"},"type":"MESSAGE","name":"","message":"Text \u0027123\u0027 is set on object \u0027Object Repository/Settings/Password\u0027","startTime":1523420601965,"endTime":0,"childRecords":[],"interuppted":false}],"interuppted":false},{"index":26,"isIgnoredIfFailed":false,"type":"TEST_STEP","name":"click","message":"Object: \u0027Object Repository/Settings/SaveButton\u0027 is clicked on","description":"","startTime":1523420601966,"endTime":1523420602048,"childRecords":[{"testStatus":{"stackTrace":"","statusValue":"PASSED"},"type":"MESSAGE","name":"","message":"Object: \u0027Object Repository/Settings/SaveButton\u0027 is clicked on","startTime":1523420602047,"endTime":0,"childRecords":[],"interuppted":false}],"interuppted":false},{"index":27,"isIgnoredIfFailed":false,"type":"TEST_STEP","name":"delay","message":"Delayed 2 second(s)","description":"","startTime":1523420602048,"endTime":1523420604051,"childRecords":[{"testStatus":{"stackTrace":"","statusValue":"PASSED"},"type":"MESSAGE","name":"","message":"Delayed 2 second(s)","startTime":1523420604050,"endTime":0,"childRecords":[],"interuppted":false}],"interuppted":false},{"index":28,"isIgnoredIfFailed":false,"type":"TEST_STEP","name":"focus","message":"Object: \u0027Object Repository/Settings/DuplicateSMTPError\u0027 is focused","description":"","startTime":1523420604051,"endTime":1523420604154,"childRecords":[{"testStatus":{"stackTrace":"","statusValue":"PASSED"},"type":"MESSAGE","name":"","message":"Object: \u0027Object Repository/Settings/DuplicateSMTPError\u0027 is focused","startTime":1523420604153,"endTime":0,"childRecords":[],"interuppted":false}],"interuppted":false},{"index":29,"isIgnoredIfFailed":false,"type":"TEST_STEP","name":"Statement - Try","description":"","startTime":1523420604154,"endTime":1523420604196,"childRecords":[{"index":1,"isIgnoredIfFailed":false,"type":"TEST_STEP","name":"Statement - ErrMsg \u003d com.kms.katalon.core.webui.keyword.WebUiBuiltInKeywords.getText(com.kms.katalon.core.testobject.ObjectRepository.findTestObject(Object Repository/Settings/DuplicateSMTPError))","message":"Text of object \u0027Object Repository/Settings/DuplicateSMTPError\u0027 is: \u0027This SMTP settings already exists.\u0027","description":"","startTime":1523420604154,"endTime":1523420604193,"childRecords":[{"testStatus":{"stackTrace":"","statusValue":"PASSED"},"type":"MESSAGE","name":"","message":"Text of object \u0027Object Repository/Settings/DuplicateSMTPError\u0027 is: \u0027This SMTP settings already exists.\u0027","startTime":1523420604192,"endTime":0,"childRecords":[],"interuppted":false}],"interuppted":false},{"index":2,"isIgnoredIfFailed":false,"type":"TEST_STEP","name":"Statement - println(ErrMsg)","description":"","startTime":1523420604193,"endTime":1523420604195,"childRecords":[],"interuppted":false},{"index":3,"isIgnoredIfFailed":false,"type":"TEST_STEP","name":"Statement - println(\"Error Message has been displayed\")","description":"","startTime":1523420604195,"endTime":1523420604196,"childRecords":[],"interuppted":false}],"interuppted":false},{"testStatus":{"stackTrace":"","statusValue":"PASSED"},"type":"MESSAGE","name":"","message":"Test Cases/Smoke/TC-91","startTime":1523420604196,"endTime":0,"childRecords":[],"interuppted":false},{"index":-1,"isIgnoredIfFailed":false,"type":"TEST_STEP","name":"Start listener action : AfterTestCaseCloseBrowser","message":"Invoke \u0027com.kms.katalon.core.annotation.AfterTestCase\u0027 method: \u0027ImScan.AfterTestCaseCloseBrowser(...)\u0027 completed.","description":"","startTime":1523420604196,"endTime":1523420604197,"childRecords":[],"interuppted":false}],"interuppted":false}],"interuppted":false}