Suite/Test/Step Name,Browser,Description,Start time,End time,Duration,Status
SMOKE_TESTCASES,Chrome 65.0.3325.181,,2018-03-29 12:49:53,2018-03-29 12:53:13,3m - 20.267s,FAILED
,,,,,,
Test Cases/TC-1 Creating a new Department,Chrome 65.0.3325.181,,2018-03-29 12:49:53,2018-03-29 12:50:40,47.039s,PASSED
Start listener action : BeforeTestCaseOpenBrowser,Chrome 65.0.3325.181,,2018-03-29 12:49:53,2018-03-29 12:50:28,34.767s,PASSED
setText,Chrome 65.0.3325.181,,2018-03-29 12:50:28,2018-03-29 12:50:29,1.132s,PASSED
setText,Chrome 65.0.3325.181,,2018-03-29 12:50:29,2018-03-29 12:50:29,0.237s,PASSED
click,Chrome 65.0.3325.181,,2018-03-29 12:50:29,2018-03-29 12:50:30,0.353s,PASSED
verifyElementPresent,Chrome 65.0.3325.181,,2018-03-29 12:50:30,2018-03-29 12:50:31,0.822s,PASSED
delay,Chrome 65.0.3325.181,,2018-03-29 12:50:31,2018-03-29 12:50:34,3.024s,PASSED
click,Chrome 65.0.3325.181,,2018-03-29 12:50:34,2018-03-29 12:50:34,0.187s,PASSED
delay,Chrome 65.0.3325.181,,2018-03-29 12:50:34,2018-03-29 12:50:36,2.002s,PASSED
click,Chrome 65.0.3325.181,,2018-03-29 12:50:36,2018-03-29 12:50:36,0.181s,PASSED
waitForAlert,Chrome 65.0.3325.181,,2018-03-29 12:50:36,2018-03-29 12:50:38,2.259s,PASSED
verifyElementVisible,Chrome 65.0.3325.181,,2018-03-29 12:50:38,2018-03-29 12:50:38,0.077s,PASSED
setText,Chrome 65.0.3325.181,,2018-03-29 12:50:38,2018-03-29 12:50:39,0.187s,PASSED
setText,Chrome 65.0.3325.181,,2018-03-29 12:50:39,2018-03-29 12:50:39,0.186s,PASSED
click,Chrome 65.0.3325.181,,2018-03-29 12:50:39,2018-03-29 12:50:39,0.097s,PASSED
"Statement - var1 = com.kms.katalon.core.webui.keyword.WebUiBuiltInKeywords.setText(com.kms.katalon.core.testobject.ObjectRepository.findTestObject(Object Repository/Search/Search_Inspect), ""Law1"")",Chrome 65.0.3325.181,,2018-03-29 12:50:39,2018-03-29 12:50:39,0.212s,PASSED
verifyElementPresent,Chrome 65.0.3325.181,,2018-03-29 12:50:39,2018-03-29 12:50:39,0.084s,PASSED
Statement - var = com.kms.katalon.core.webui.keyword.WebUiBuiltInKeywords.getText(com.kms.katalon.core.testobject.ObjectRepository.findTestObject(Object Repository/Create_a_New_Dept/verifyDisplayedOrNot/td_Law1)),Chrome 65.0.3325.181,,2018-03-29 12:50:39,2018-03-29 12:50:39,0.094s,PASSED
Statement - If (var1 == var),Chrome 65.0.3325.181,,2018-03-29 12:50:39,2018-03-29 12:50:39,0.000s,PASSED
Start listener action : AfterTestCaseCloseBrowser,Chrome 65.0.3325.181,,2018-03-29 12:50:39,2018-03-29 12:50:40,0.937s,PASSED
,,,,,,
Test Cases/TC-09,Chrome 65.0.3325.181,,2018-03-29 12:50:40,2018-03-29 12:50:54,14.297s,PASSED
Start listener action : BeforeTestCaseOpenBrowser,Chrome 65.0.3325.181,,2018-03-29 12:50:40,2018-03-29 12:50:45,4.512s,PASSED
setText,Chrome 65.0.3325.181,,2018-03-29 12:50:45,2018-03-29 12:50:45,0.162s,PASSED
setText,Chrome 65.0.3325.181,,2018-03-29 12:50:45,2018-03-29 12:50:45,0.146s,PASSED
click,Chrome 65.0.3325.181,,2018-03-29 12:50:45,2018-03-29 12:50:45,0.096s,PASSED
verifyElementPresent,Chrome 65.0.3325.181,,2018-03-29 12:50:45,2018-03-29 12:50:46,0.553s,PASSED
delay,Chrome 65.0.3325.181,,2018-03-29 12:50:46,2018-03-29 12:50:49,3.004s,PASSED
click,Chrome 65.0.3325.181,,2018-03-29 12:50:49,2018-03-29 12:50:49,0.192s,PASSED
delay,Chrome 65.0.3325.181,,2018-03-29 12:50:49,2018-03-29 12:50:51,2.002s,PASSED
click,Chrome 65.0.3325.181,,2018-03-29 12:50:51,2018-03-29 12:50:51,0.111s,PASSED
waitForAlert,Chrome 65.0.3325.181,,2018-03-29 12:50:51,2018-03-29 12:50:53,2.024s,PASSED
verifyElementVisible,Chrome 65.0.3325.181,,2018-03-29 12:50:53,2018-03-29 12:50:53,0.079s,PASSED
setText,Chrome 65.0.3325.181,,2018-03-29 12:50:53,2018-03-29 12:50:53,0.144s,PASSED
setText,Chrome 65.0.3325.181,,2018-03-29 12:50:53,2018-03-29 12:50:54,0.119s,PASSED
click,Chrome 65.0.3325.181,,2018-03-29 12:50:54,2018-03-29 12:50:54,0.099s,PASSED
focus,Chrome 65.0.3325.181,,2018-03-29 12:50:54,2018-03-29 12:50:54,0.122s,PASSED
Statement - Try,Chrome 65.0.3325.181,,2018-03-29 12:50:54,2018-03-29 12:50:54,0.042s,PASSED
Start listener action : AfterTestCaseCloseBrowser,Chrome 65.0.3325.181,,2018-03-29 12:50:54,2018-03-29 12:50:54,0.683s,PASSED
,,,,,,
Test Cases/TC-18_Create_New_Role,Chrome 65.0.3325.181,,2018-03-29 12:50:54,2018-03-29 12:51:05,10.933s,FAILED
Start listener action : BeforeTestCaseOpenBrowser,Chrome 65.0.3325.181,,2018-03-29 12:50:55,2018-03-29 12:50:59,4.046s,PASSED
setText,Chrome 65.0.3325.181,,2018-03-29 12:50:59,2018-03-29 12:50:59,0.177s,PASSED
setText,Chrome 65.0.3325.181,,2018-03-29 12:50:59,2018-03-29 12:50:59,0.161s,PASSED
click,Chrome 65.0.3325.181,,2018-03-29 12:50:59,2018-03-29 12:50:59,0.104s,PASSED
click,Chrome 65.0.3325.181,,2018-03-29 12:50:59,2018-03-29 12:51:00,0.621s,PASSED
click,Chrome 65.0.3325.181,,2018-03-29 12:51:00,2018-03-29 12:51:03,3.187s,PASSED
verifyElementPresent,Chrome 65.0.3325.181,,2018-03-29 12:51:03,2018-03-29 12:51:03,0.039s,PASSED
focus,Chrome 65.0.3325.181,,2018-03-29 12:51:03,2018-03-29 12:51:03,0.071s,PASSED
focus,Chrome 65.0.3325.181,,2018-03-29 12:51:03,2018-03-29 12:51:03,0.132s,PASSED
setText,Chrome 65.0.3325.181,,2018-03-29 12:51:03,2018-03-29 12:51:03,0.144s,PASSED
click,Chrome 65.0.3325.181,,2018-03-29 12:51:03,2018-03-29 12:51:04,0.149s,PASSED
click,Chrome 65.0.3325.181,,2018-03-29 12:51:04,2018-03-29 12:51:04,0.135s,PASSED
click,Chrome 65.0.3325.181,,2018-03-29 12:51:04,2018-03-29 12:51:04,0.092s,PASSED
waitForPageLoad,Chrome 65.0.3325.181,,2018-03-29 12:51:04,2018-03-29 12:51:04,0.064s,PASSED
setText,Chrome 65.0.3325.181,,2018-03-29 12:51:04,2018-03-29 12:51:04,0.177s,PASSED
waitForElementVisible,Chrome 65.0.3325.181,,2018-03-29 12:51:04,2018-03-29 12:51:04,0.070s,PASSED
mouseOver,Chrome 65.0.3325.181,,2018-03-29 12:51:04,2018-03-29 12:51:04,0.056s,PASSED
click,Chrome 65.0.3325.181,,2018-03-29 12:51:04,2018-03-29 12:51:05,0.489s,FAILED
Start listener action : AfterTestCaseCloseBrowser,Chrome 65.0.3325.181,,2018-03-29 12:51:05,2018-03-29 12:51:05,0.768s,PASSED
,,,,,,
Test Cases/TC-26,Chrome 65.0.3325.181,,2018-03-29 12:51:05,2018-03-29 12:51:35,29.764s,PASSED
Start listener action : BeforeTestCaseOpenBrowser,Chrome 65.0.3325.181,,2018-03-29 12:51:05,2018-03-29 12:51:09,4.008s,PASSED
setText,Chrome 65.0.3325.181,,2018-03-29 12:51:10,2018-03-29 12:51:10,0.176s,PASSED
setText,Chrome 65.0.3325.181,,2018-03-29 12:51:10,2018-03-29 12:51:10,0.148s,PASSED
click,Chrome 65.0.3325.181,,2018-03-29 12:51:10,2018-03-29 12:51:10,0.100s,PASSED
verifyElementPresent,Chrome 65.0.3325.181,,2018-03-29 12:51:10,2018-03-29 12:51:11,0.545s,PASSED
delay,Chrome 65.0.3325.181,,2018-03-29 12:51:11,2018-03-29 12:51:14,3.002s,PASSED
click,Chrome 65.0.3325.181,,2018-03-29 12:51:14,2018-03-29 12:51:14,0.162s,PASSED
click,Chrome 65.0.3325.181,,2018-03-29 12:51:14,2018-03-29 12:51:17,3.297s,PASSED
waitForAlert,Chrome 65.0.3325.181,,2018-03-29 12:51:17,2018-03-29 12:51:22,5.060s,PASSED
focus,Chrome 65.0.3325.181,,2018-03-29 12:51:22,2018-03-29 12:51:22,0.137s,PASSED
delay,Chrome 65.0.3325.181,,2018-03-29 12:51:22,2018-03-29 12:51:27,5.002s,PASSED
waitForElementVisible,Chrome 65.0.3325.181,,2018-03-29 12:51:27,2018-03-29 12:51:27,0.067s,PASSED
focus,Chrome 65.0.3325.181,,2018-03-29 12:51:27,2018-03-29 12:51:27,0.070s,PASSED
setText,Chrome 65.0.3325.181,,2018-03-29 12:51:27,2018-03-29 12:51:28,0.132s,PASSED
delay,Chrome 65.0.3325.181,,2018-03-29 12:51:28,2018-03-29 12:51:31,3.002s,PASSED
focus,Chrome 65.0.3325.181,,2018-03-29 12:51:31,2018-03-29 12:51:31,0.118s,PASSED
setText,Chrome 65.0.3325.181,,2018-03-29 12:51:31,2018-03-29 12:51:31,0.100s,PASSED
focus,Chrome 65.0.3325.181,,2018-03-29 12:51:31,2018-03-29 12:51:31,0.080s,PASSED
setText,Chrome 65.0.3325.181,,2018-03-29 12:51:31,2018-03-29 12:51:31,0.089s,PASSED
focus,Chrome 65.0.3325.181,,2018-03-29 12:51:31,2018-03-29 12:51:31,0.109s,PASSED
setText,Chrome 65.0.3325.181,,2018-03-29 12:51:31,2018-03-29 12:51:31,0.116s,PASSED
focus,Chrome 65.0.3325.181,,2018-03-29 12:51:31,2018-03-29 12:51:31,0.107s,PASSED
setText,Chrome 65.0.3325.181,,2018-03-29 12:51:31,2018-03-29 12:51:31,0.200s,PASSED
click,Chrome 65.0.3325.181,,2018-03-29 12:51:31,2018-03-29 12:51:32,0.167s,PASSED
selectOptionByValue,Chrome 65.0.3325.181,,2018-03-29 12:51:32,2018-03-29 12:51:32,0.245s,PASSED
click,Chrome 65.0.3325.181,,2018-03-29 12:51:32,2018-03-29 12:51:32,0.144s,PASSED
click,Chrome 65.0.3325.181,,2018-03-29 12:51:32,2018-03-29 12:51:32,0.161s,PASSED
scrollToElement,Chrome 65.0.3325.181,,2018-03-29 12:51:32,2018-03-29 12:51:32,0.088s,PASSED
click,Chrome 65.0.3325.181,,2018-03-29 12:51:32,2018-03-29 12:51:32,0.085s,PASSED
delay,Chrome 65.0.3325.181,,2018-03-29 12:51:32,2018-03-29 12:51:34,2.001s,PASSED
click,Chrome 65.0.3325.181,,2018-03-29 12:51:34,2018-03-29 12:51:34,0.122s,PASSED
click,Chrome 65.0.3325.181,,2018-03-29 12:51:34,2018-03-29 12:51:35,0.089s,PASSED
Start listener action : AfterTestCaseCloseBrowser,Chrome 65.0.3325.181,,2018-03-29 12:51:35,2018-03-29 12:51:35,0.655s,PASSED
,,,,,,
Test Cases/TC-46,Chrome 65.0.3325.181,,2018-03-29 12:51:35,2018-03-29 12:51:52,16.371s,PASSED
Start listener action : BeforeTestCaseOpenBrowser,Chrome 65.0.3325.181,,2018-03-29 12:51:35,2018-03-29 12:51:40,4.317s,PASSED
setText,Chrome 65.0.3325.181,,2018-03-29 12:51:40,2018-03-29 12:51:41,1.251s,PASSED
setText,Chrome 65.0.3325.181,,2018-03-29 12:51:41,2018-03-29 12:51:41,0.236s,PASSED
click,Chrome 65.0.3325.181,,2018-03-29 12:51:41,2018-03-29 12:51:41,0.135s,PASSED
click,Chrome 65.0.3325.181,,2018-03-29 12:51:41,2018-03-29 12:51:42,0.630s,PASSED
click,Chrome 65.0.3325.181,,2018-03-29 12:51:42,2018-03-29 12:51:45,3.191s,PASSED
delay,Chrome 65.0.3325.181,,2018-03-29 12:51:45,2018-03-29 12:51:47,2.000s,PASSED
click,Chrome 65.0.3325.181,,2018-03-29 12:51:47,2018-03-29 12:51:47,0.077s,PASSED
click,Chrome 65.0.3325.181,,2018-03-29 12:51:47,2018-03-29 12:51:47,0.159s,PASSED
focus,Chrome 65.0.3325.181,,2018-03-29 12:51:47,2018-03-29 12:51:47,0.069s,PASSED
delay,Chrome 65.0.3325.181,,2018-03-29 12:51:47,2018-03-29 12:51:50,3.000s,PASSED
setText,Chrome 65.0.3325.181,,2018-03-29 12:51:50,2018-03-29 12:51:51,0.181s,PASSED
setText,Chrome 65.0.3325.181,,2018-03-29 12:51:51,2018-03-29 12:51:51,0.172s,PASSED
click,Chrome 65.0.3325.181,,2018-03-29 12:51:51,2018-03-29 12:51:51,0.104s,PASSED
Start listener action : AfterTestCaseCloseBrowser,Chrome 65.0.3325.181,,2018-03-29 12:51:51,2018-03-29 12:51:52,0.643s,PASSED
,,,,,,
Test Cases/TC-50,Chrome 65.0.3325.181,,2018-03-29 12:51:52,2018-03-29 12:52:11,19.261s,PASSED
Start listener action : BeforeTestCaseOpenBrowser,Chrome 65.0.3325.181,,2018-03-29 12:51:52,2018-03-29 12:51:56,4.007s,PASSED
setText,Chrome 65.0.3325.181,,2018-03-29 12:51:56,2018-03-29 12:51:56,0.201s,PASSED
setText,Chrome 65.0.3325.181,,2018-03-29 12:51:56,2018-03-29 12:51:56,0.182s,PASSED
click,Chrome 65.0.3325.181,,2018-03-29 12:51:56,2018-03-29 12:51:56,0.090s,PASSED
click,Chrome 65.0.3325.181,,2018-03-29 12:51:56,2018-03-29 12:51:57,0.608s,PASSED
delay,Chrome 65.0.3325.181,,2018-03-29 12:51:57,2018-03-29 12:51:59,2.002s,PASSED
click,Chrome 65.0.3325.181,,2018-03-29 12:51:59,2018-03-29 12:51:59,0.139s,PASSED
focus,Chrome 65.0.3325.181,,2018-03-29 12:51:59,2018-03-29 12:52:00,0.654s,PASSED
click,Chrome 65.0.3325.181,,2018-03-29 12:52:00,2018-03-29 12:52:00,0.131s,PASSED
focus,Chrome 65.0.3325.181,,2018-03-29 12:52:00,2018-03-29 12:52:00,0.070s,PASSED
delay,Chrome 65.0.3325.181,,2018-03-29 12:52:00,2018-03-29 12:52:05,5.002s,PASSED
clearText,Chrome 65.0.3325.181,,2018-03-29 12:52:05,2018-03-29 12:52:05,0.077s,PASSED
delay,Chrome 65.0.3325.181,,2018-03-29 12:52:05,2018-03-29 12:52:10,5.002s,PASSED
setText,Chrome 65.0.3325.181,,2018-03-29 12:52:10,2018-03-29 12:52:10,0.161s,PASSED
click,Chrome 65.0.3325.181,,2018-03-29 12:52:10,2018-03-29 12:52:10,0.081s,PASSED
Start listener action : AfterTestCaseCloseBrowser,Chrome 65.0.3325.181,,2018-03-29 12:52:10,2018-03-29 12:52:11,0.628s,PASSED
,,,,,,
Test Cases/TC-62,Chrome 65.0.3325.181,,2018-03-29 12:52:11,2018-03-29 12:52:21,10.301s,FAILED
Start listener action : BeforeTestCaseOpenBrowser,Chrome 65.0.3325.181,,2018-03-29 12:52:11,2018-03-29 12:52:15,4.081s,PASSED
setText,Chrome 65.0.3325.181,,2018-03-29 12:52:15,2018-03-29 12:52:15,0.196s,PASSED
setText,Chrome 65.0.3325.181,,2018-03-29 12:52:15,2018-03-29 12:52:15,0.147s,PASSED
click,Chrome 65.0.3325.181,,2018-03-29 12:52:15,2018-03-29 12:52:16,0.096s,PASSED
click,Chrome 65.0.3325.181,,2018-03-29 12:52:16,2018-03-29 12:52:16,0.608s,PASSED
click,Chrome 65.0.3325.181,,2018-03-29 12:52:16,2018-03-29 12:52:16,0.157s,PASSED
delay,Chrome 65.0.3325.181,,2018-03-29 12:52:16,2018-03-29 12:52:18,2.001s,PASSED
click,Chrome 65.0.3325.181,,2018-03-29 12:52:18,2018-03-29 12:52:20,1.658s,PASSED
focus,Chrome 65.0.3325.181,,2018-03-29 12:52:20,2018-03-29 12:52:20,0.096s,PASSED
setText,Chrome 65.0.3325.181,,2018-03-29 12:52:20,2018-03-29 12:52:20,0.435s,FAILED
Start listener action : AfterTestCaseCloseBrowser,Chrome 65.0.3325.181,,2018-03-29 12:52:20,2018-03-29 12:52:21,0.652s,PASSED
,,,,,,
Test Cases/TC-86,Chrome 65.0.3325.181,,2018-03-29 12:52:21,2018-03-29 12:52:33,11.702s,PASSED
Start listener action : BeforeTestCaseOpenBrowser,Chrome 65.0.3325.181,,2018-03-29 12:52:21,2018-03-29 12:52:26,4.599s,PASSED
setText,Chrome 65.0.3325.181,,2018-03-29 12:52:26,2018-03-29 12:52:26,0.176s,PASSED
setText,Chrome 65.0.3325.181,,2018-03-29 12:52:26,2018-03-29 12:52:26,0.149s,PASSED
click,Chrome 65.0.3325.181,,2018-03-29 12:52:26,2018-03-29 12:52:26,0.090s,PASSED
click,Chrome 65.0.3325.181,,2018-03-29 12:52:26,2018-03-29 12:52:27,0.636s,PASSED
click,Chrome 65.0.3325.181,,2018-03-29 12:52:27,2018-03-29 12:52:27,0.114s,PASSED
click,Chrome 65.0.3325.181,,2018-03-29 12:52:27,2018-03-29 12:52:28,1.197s,PASSED
focus,Chrome 65.0.3325.181,,2018-03-29 12:52:28,2018-03-29 12:52:28,0.074s,PASSED
delay,Chrome 65.0.3325.181,,2018-03-29 12:52:28,2018-03-29 12:52:31,3.001s,PASSED
setText,Chrome 65.0.3325.181,,2018-03-29 12:52:31,2018-03-29 12:52:31,0.167s,PASSED
setText,Chrome 65.0.3325.181,,2018-03-29 12:52:31,2018-03-29 12:52:32,0.109s,PASSED
setText,Chrome 65.0.3325.181,,2018-03-29 12:52:32,2018-03-29 12:52:32,0.141s,PASSED
setText,Chrome 65.0.3325.181,,2018-03-29 12:52:32,2018-03-29 12:52:32,0.137s,PASSED
setText,Chrome 65.0.3325.181,,2018-03-29 12:52:32,2018-03-29 12:52:32,0.151s,PASSED
setText,Chrome 65.0.3325.181,,2018-03-29 12:52:32,2018-03-29 12:52:32,0.114s,PASSED
click,Chrome 65.0.3325.181,,2018-03-29 12:52:32,2018-03-29 12:52:32,0.091s,PASSED
Start listener action : AfterTestCaseCloseBrowser,Chrome 65.0.3325.181,,2018-03-29 12:52:32,2018-03-29 12:52:33,0.632s,PASSED
,,,,,,
Test Cases/TC-68,Chrome 65.0.3325.181,,2018-03-29 12:52:33,2018-03-29 12:52:43,10.339s,PASSED
Start listener action : BeforeTestCaseOpenBrowser,Chrome 65.0.3325.181,,2018-03-29 12:52:33,2018-03-29 12:52:37,4.067s,PASSED
setText,Chrome 65.0.3325.181,,2018-03-29 12:52:37,2018-03-29 12:52:37,0.160s,PASSED
setText,Chrome 65.0.3325.181,,2018-03-29 12:52:37,2018-03-29 12:52:37,0.134s,PASSED
click,Chrome 65.0.3325.181,,2018-03-29 12:52:37,2018-03-29 12:52:37,0.104s,PASSED
click,Chrome 65.0.3325.181,,2018-03-29 12:52:37,2018-03-29 12:52:38,0.607s,PASSED
click,Chrome 65.0.3325.181,,2018-03-29 12:52:38,2018-03-29 12:52:39,0.635s,PASSED
focus,Chrome 65.0.3325.181,,2018-03-29 12:52:39,2018-03-29 12:52:39,0.578s,PASSED
click,Chrome 65.0.3325.181,,2018-03-29 12:52:39,2018-03-29 12:52:39,0.069s,PASSED
delay,Chrome 65.0.3325.181,,2018-03-29 12:52:39,2018-03-29 12:52:42,3.002s,PASSED
Statement - Try,Chrome 65.0.3325.181,,2018-03-29 12:52:42,2018-03-29 12:52:43,0.136s,PASSED
Statement - Catch (Exception e),Chrome 65.0.3325.181,,2018-03-29 12:52:43,2018-03-29 12:52:43,0.000s,PASSED
Start listener action : AfterTestCaseCloseBrowser,Chrome 65.0.3325.181,,2018-03-29 12:52:43,2018-03-29 12:52:43,0.678s,PASSED
,,,,,,
Test Cases/TC-164,Chrome 65.0.3325.181,,2018-03-29 12:52:43,2018-03-29 12:53:02,18.605s,PASSED
Start listener action : BeforeTestCaseOpenBrowser,Chrome 65.0.3325.181,,2018-03-29 12:52:43,2018-03-29 12:52:47,3.916s,PASSED
setText,Chrome 65.0.3325.181,,2018-03-29 12:52:47,2018-03-29 12:52:48,0.156s,PASSED
setText,Chrome 65.0.3325.181,,2018-03-29 12:52:48,2018-03-29 12:52:48,0.133s,PASSED
click,Chrome 65.0.3325.181,,2018-03-29 12:52:48,2018-03-29 12:52:48,0.113s,PASSED
delay,Chrome 65.0.3325.181,,2018-03-29 12:52:48,2018-03-29 12:52:51,3.000s,PASSED
click,Chrome 65.0.3325.181,,2018-03-29 12:52:51,2018-03-29 12:52:51,0.131s,PASSED
delay,Chrome 65.0.3325.181,,2018-03-29 12:52:51,2018-03-29 12:52:54,3.001s,PASSED
click,Chrome 65.0.3325.181,,2018-03-29 12:52:54,2018-03-29 12:52:54,0.132s,PASSED
click,Chrome 65.0.3325.181,,2018-03-29 12:52:54,2018-03-29 12:52:57,3.274s,PASSED
focus,Chrome 65.0.3325.181,,2018-03-29 12:52:57,2018-03-29 12:52:57,0.080s,PASSED
delay,Chrome 65.0.3325.181,,2018-03-29 12:52:57,2018-03-29 12:53:00,3.002s,PASSED
setText,Chrome 65.0.3325.181,,2018-03-29 12:53:00,2018-03-29 12:53:01,0.125s,PASSED
setText,Chrome 65.0.3325.181,,2018-03-29 12:53:01,2018-03-29 12:53:01,0.133s,PASSED
switchToFrame,Chrome 65.0.3325.181,,2018-03-29 12:53:01,2018-03-29 12:53:01,0.074s,PASSED
focus,Chrome 65.0.3325.181,,2018-03-29 12:53:01,2018-03-29 12:53:01,0.101s,PASSED
setText,Chrome 65.0.3325.181,,2018-03-29 12:53:01,2018-03-29 12:53:01,0.113s,PASSED
switchToDefaultContent,Chrome 65.0.3325.181,,2018-03-29 12:53:01,2018-03-29 12:53:01,0.028s,PASSED
click,Chrome 65.0.3325.181,,2018-03-29 12:53:01,2018-03-29 12:53:01,0.103s,PASSED
Start listener action : AfterTestCaseCloseBrowser,Chrome 65.0.3325.181,,2018-03-29 12:53:01,2018-03-29 12:53:02,0.656s,PASSED
,,,,,,
Test Cases/TC-143_Login_ValidLogin,Chrome 65.0.3325.181,User is able to log into the application when valid credentials are passed and be directed to Home Page,2018-03-29 12:53:02,2018-03-29 12:53:08,5.817s,PASSED
Start listener action : BeforeTestCaseOpenBrowser,Chrome 65.0.3325.181,,2018-03-29 12:53:02,2018-03-29 12:53:06,4.067s,PASSED
setText,Chrome 65.0.3325.181,,2018-03-29 12:53:06,2018-03-29 12:53:06,0.147s,PASSED
setText,Chrome 65.0.3325.181,,2018-03-29 12:53:06,2018-03-29 12:53:06,0.137s,PASSED
click,Chrome 65.0.3325.181,,2018-03-29 12:53:06,2018-03-29 12:53:06,0.086s,PASSED
click,Chrome 65.0.3325.181,,2018-03-29 12:53:06,2018-03-29 12:53:07,0.620s,PASSED
Start listener action : AfterTestCaseCloseBrowser,Chrome 65.0.3325.181,,2018-03-29 12:53:07,2018-03-29 12:53:08,0.642s,PASSED
,,,,,,
Test Cases/TC-145_Login_InvalidLogin,Chrome 65.0.3325.181,Verify that user is able to log into the application when invalid username is passed (Username not existing in the system),2018-03-29 12:53:08,2018-03-29 12:53:13,5.202s,PASSED
Start listener action : BeforeTestCaseOpenBrowser,Chrome 65.0.3325.181,,2018-03-29 12:53:08,2018-03-29 12:53:12,4.059s,PASSED
setText,Chrome 65.0.3325.181,,2018-03-29 12:53:12,2018-03-29 12:53:12,0.166s,PASSED
setText,Chrome 65.0.3325.181,,2018-03-29 12:53:12,2018-03-29 12:53:12,0.152s,PASSED
click,Chrome 65.0.3325.181,,2018-03-29 12:53:12,2018-03-29 12:53:12,0.086s,PASSED
Start listener action : AfterTestCaseCloseBrowser,Chrome 65.0.3325.181,,2018-03-29 12:53:12,2018-03-29 12:53:13,0.616s,PASSED
