{"devicePlatform":"","logFolder":"C:\\Users\\Dikshita\\git\\imscanredev\\Reports\\Presentation\\20180410_105335","runData":{"hostName":"Dikshita - RSSPL43.Remote.local","os":"Windows 10 64bit","katalonVersion":"5.3.1.1","browser":"Chrome 65.0.3325.181","hostAddress":"192.168.25.135","sessionId":"ae10e3919d95f8bc12f50a7fe211fecd","seleniumVersion":"3.7.1","proxyInformation":"ProxyInformation{proxyOption\u003dNO_PROXY, proxyServerType\u003dHTTP, password\u003d, proxyServerAddress\u003d, proxyServerPort\u003d0}","platform":"Windows 10"},"type":"TEST_SUITE","name":"Presentation","id":"Test Suites/Presentation","source":"","message":"Test Cases/Smoke/TC-1 Creating a new Department FAILED because (of) Unable to verify object \u0027Object Repository/Create_a_New_Dept/verifyDisplayedOrNot/td_Law1\u0027 is present (Root cause: com.kms.katalon.core.webui.exception.WebElementNotFoundException: Web element with id: \u0027Object Repository/Create_a_New_Dept/verifyDisplayedOrNot/td_Law1\u0027 located by \u0027By.xpath: //td[(text() \u003d \u0027Law1\u0027 or . \u003d \u0027Law1\u0027)]\u0027 not found)","description":"","startTime":1523337817683,"endTime":1523337960950,"childRecords":[{"isOptional":false,"type":"TEST_CASE","name":"Test Cases/Smoke/TC-09","id":"Test Cases/Smoke/TC-09","source":"C:\\\\Users\\\\Dikshita\\\\git\\\\imscanredev\\\\Test Cases\\\\Smoke\\\\TC-09.tc","message":"Invoke \u0027com.kms.katalon.core.annotation.AfterTestCase\u0027 method: \u0027ImScan.AfterTestCaseCloseBrowser(...)\u0027 completed.","description":"","startTime":1523337818112,"endTime":1523337836131,"childRecords":[{"testStatus":{"stackTrace":"","statusValue":"INFO"},"type":"MESSAGE","name":"","message":"Evaluating variables for test case","startTime":1523337818138,"endTime":0,"childRecords":[],"interuppted":false},{"index":-1,"isIgnoredIfFailed":false,"type":"TEST_STEP","name":"Start listener action : BeforeTestCaseOpenBrowser","message":"Invoke \u0027com.kms.katalon.core.annotation.BeforeTestCase\u0027 method: \u0027ImScan.BeforeTestCaseOpenBrowser(...)\u0027 completed.","description":"","startTime":1523337818143,"endTime":1523337826376,"childRecords":[{"index":1,"isIgnoredIfFailed":false,"type":"TEST_STEP","name":"openBrowser","message":"Browser is opened with url: \u0027http://rsspl51/CSSIMSCANUI/Login/Index\u0027","description":"","startTime":1523337818175,"endTime":1523337825210,"childRecords":[{"testStatus":{"stackTrace":"","statusValue":"PASSED"},"type":"MESSAGE","name":"","message":"Browser is opened with url: \u0027http://rsspl51/CSSIMSCANUI/Login/Index\u0027","startTime":1523337825209,"endTime":0,"childRecords":[],"interuppted":false}],"interuppted":false},{"index":2,"isIgnoredIfFailed":false,"type":"TEST_STEP","name":"maximizeWindow","message":"Current window maximized","description":"","startTime":1523337825210,"endTime":1523337826366,"childRecords":[{"testStatus":{"stackTrace":"","statusValue":"PASSED"},"type":"MESSAGE","name":"","message":"Current window maximized","startTime":1523337826365,"endTime":0,"childRecords":[],"interuppted":false}],"interuppted":false},{"index":3,"isIgnoredIfFailed":false,"type":"TEST_STEP","name":"Statement - TestID \u003d testCaseContext.getTestCaseId()","description":"","startTime":1523337826366,"endTime":1523337826371,"childRecords":[],"interuppted":false},{"index":4,"isIgnoredIfFailed":false,"type":"TEST_STEP","name":"Statement - println(TestID)","message":"Invoke \u0027com.kms.katalon.core.annotation.BeforeTestCase\u0027 method: \u0027ImScan.BeforeTestCaseOpenBrowser(...)\u0027 completed.","description":"","startTime":1523337826372,"endTime":1523337826375,"childRecords":[],"interuppted":false}],"interuppted":false},{"index":1,"isIgnoredIfFailed":false,"type":"TEST_STEP","name":"setText","message":"Text \u0027Dixita\u0027 is set on object \u0027Object Repository/Login/Page_IMSCAN/input_UserName\u0027","description":"","startTime":1523337826547,"endTime":1523337826744,"childRecords":[{"testStatus":{"stackTrace":"","statusValue":"PASSED"},"type":"MESSAGE","name":"","message":"Text \u0027Dixita\u0027 is set on object \u0027Object Repository/Login/Page_IMSCAN/input_UserName\u0027","startTime":1523337826743,"endTime":0,"childRecords":[],"interuppted":false}],"interuppted":false},{"index":2,"isIgnoredIfFailed":false,"type":"TEST_STEP","name":"setText","message":"Text \u0027Dixita456\u0027 is set on object \u0027Object Repository/Login/Page_IMSCAN/input_Password\u0027","description":"","startTime":1523337826744,"endTime":1523337826950,"childRecords":[{"testStatus":{"stackTrace":"","statusValue":"PASSED"},"type":"MESSAGE","name":"","message":"Text \u0027Dixita456\u0027 is set on object \u0027Object Repository/Login/Page_IMSCAN/input_Password\u0027","startTime":1523337826949,"endTime":0,"childRecords":[],"interuppted":false}],"interuppted":false},{"index":3,"isIgnoredIfFailed":false,"type":"TEST_STEP","name":"click","message":"Object: \u0027Object Repository/Login/Page_IMSCAN/button_Login\u0027 is clicked on","description":"","startTime":1523337826951,"endTime":1523337827073,"childRecords":[{"testStatus":{"stackTrace":"","statusValue":"PASSED"},"type":"MESSAGE","name":"","message":"Object: \u0027Object Repository/Login/Page_IMSCAN/button_Login\u0027 is clicked on","startTime":1523337827073,"endTime":0,"childRecords":[],"interuppted":false}],"interuppted":false},{"index":4,"isIgnoredIfFailed":false,"type":"TEST_STEP","name":"verifyElementPresent","message":"Object \u0027Object Repository/Create_a_New_Dept/VerfiyHomePageDisplayed\u0027 is present","description":"","startTime":1523337827074,"endTime":1523337827934,"childRecords":[{"testStatus":{"stackTrace":"","statusValue":"PASSED"},"type":"MESSAGE","name":"","message":"Object \u0027Object Repository/Create_a_New_Dept/VerfiyHomePageDisplayed\u0027 is present","startTime":1523337827934,"endTime":0,"childRecords":[],"interuppted":false}],"interuppted":false},{"index":5,"isIgnoredIfFailed":false,"type":"TEST_STEP","name":"delay","message":"Delayed 3 second(s)","description":"","startTime":1523337827935,"endTime":1523337830962,"childRecords":[{"testStatus":{"stackTrace":"","statusValue":"PASSED"},"type":"MESSAGE","name":"","message":"Delayed 3 second(s)","startTime":1523337830961,"endTime":0,"childRecords":[],"interuppted":false}],"interuppted":false},{"index":6,"isIgnoredIfFailed":false,"type":"TEST_STEP","name":"click","message":"Object: \u0027Object Repository/Create_a_New_Dept/ClickOnDepartments\u0027 is clicked on","description":"","startTime":1523337830963,"endTime":1523337831103,"childRecords":[{"testStatus":{"stackTrace":"","statusValue":"PASSED"},"type":"MESSAGE","name":"","message":"Object: \u0027Object Repository/Create_a_New_Dept/ClickOnDepartments\u0027 is clicked on","startTime":1523337831102,"endTime":0,"childRecords":[],"interuppted":false}],"interuppted":false},{"index":7,"isIgnoredIfFailed":false,"type":"TEST_STEP","name":"delay","message":"Delayed 2 second(s)","description":"","startTime":1523337831104,"endTime":1523337833106,"childRecords":[{"testStatus":{"stackTrace":"","statusValue":"PASSED"},"type":"MESSAGE","name":"","message":"Delayed 2 second(s)","startTime":1523337833105,"endTime":0,"childRecords":[],"interuppted":false}],"interuppted":false},{"index":8,"isIgnoredIfFailed":false,"type":"TEST_STEP","name":"click","message":"Object: \u0027Object Repository/Create_a_New_Dept/ClickOnCreateDept\u0027 is clicked on","description":"","startTime":1523337833107,"endTime":1523337833243,"childRecords":[{"testStatus":{"stackTrace":"","statusValue":"PASSED"},"type":"MESSAGE","name":"","message":"Object: \u0027Object Repository/Create_a_New_Dept/ClickOnCreateDept\u0027 is clicked on","startTime":1523337833242,"endTime":0,"childRecords":[],"interuppted":false}],"interuppted":false},{"index":9,"isIgnoredIfFailed":false,"type":"TEST_STEP","name":"waitForAlert","message":"No alert found after 2 second(s).","description":"","startTime":1523337833243,"endTime":1523337835362,"childRecords":[{"testStatus":{"stackTrace":"","statusValue":"WARNING"},"type":"MESSAGE","name":"","message":"No alert found after 2 second(s).","startTime":1523337835360,"endTime":0,"childRecords":[],"interuppted":false}],"interuppted":false},{"index":10,"isIgnoredIfFailed":false,"type":"TEST_STEP","name":"verifyElementVisible","message":"Object \u0027Object Repository/Create_a_New_Dept/CreateDeptPopup/PopUpforDept/h4_Create Department\u0027 is visible","description":"","startTime":1523337835362,"endTime":1523337835445,"childRecords":[{"testStatus":{"stackTrace":"","statusValue":"PASSED"},"type":"MESSAGE","name":"","message":"Object \u0027Object Repository/Create_a_New_Dept/CreateDeptPopup/PopUpforDept/h4_Create Department\u0027 is visible","startTime":1523337835445,"endTime":0,"childRecords":[],"interuppted":false}],"interuppted":false},{"index":11,"isIgnoredIfFailed":false,"type":"TEST_STEP","name":"setText","message":"Text \u002797\u0027 is set on object \u0027Object Repository/Create_a_New_Dept/CreateDeptPopup/PopUpforDept/input_Code\u0027","description":"","startTime":1523337835445,"endTime":1523337835609,"childRecords":[{"testStatus":{"stackTrace":"","statusValue":"PASSED"},"type":"MESSAGE","name":"","message":"Text \u002797\u0027 is set on object \u0027Object Repository/Create_a_New_Dept/CreateDeptPopup/PopUpforDept/input_Code\u0027","startTime":1523337835608,"endTime":0,"childRecords":[],"interuppted":false}],"interuppted":false},{"index":12,"isIgnoredIfFailed":false,"type":"TEST_STEP","name":"setText","message":"Text \u0027105\u0027 is set on object \u0027Object Repository/Create_a_New_Dept/CreateDeptPopup/PopUpforDept/input_Name\u0027","description":"","startTime":1523337835610,"endTime":1523337835775,"childRecords":[{"testStatus":{"stackTrace":"","statusValue":"PASSED"},"type":"MESSAGE","name":"","message":"Text \u0027105\u0027 is set on object \u0027Object Repository/Create_a_New_Dept/CreateDeptPopup/PopUpforDept/input_Name\u0027","startTime":1523337835775,"endTime":0,"childRecords":[],"interuppted":false}],"interuppted":false},{"index":13,"isIgnoredIfFailed":false,"type":"TEST_STEP","name":"click","message":"Object: \u0027Object Repository/Create_a_New_Dept/ClickOnSavePopup\u0027 is clicked on","description":"","startTime":1523337835776,"endTime":1523337835873,"childRecords":[{"testStatus":{"stackTrace":"","statusValue":"PASSED"},"type":"MESSAGE","name":"","message":"Object: \u0027Object Repository/Create_a_New_Dept/ClickOnSavePopup\u0027 is clicked on","startTime":1523337835872,"endTime":0,"childRecords":[],"interuppted":false}],"interuppted":false},{"index":14,"isIgnoredIfFailed":false,"type":"TEST_STEP","name":"focus","message":"Object: \u0027Object Repository/Create_a_New_Dept/AlreadyExistingDeptCode-DeptName\u0027 is focused","description":"","startTime":1523337835873,"endTime":1523337836065,"childRecords":[{"testStatus":{"stackTrace":"","statusValue":"PASSED"},"type":"MESSAGE","name":"","message":"Object: \u0027Object Repository/Create_a_New_Dept/AlreadyExistingDeptCode-DeptName\u0027 is focused","startTime":1523337836065,"endTime":0,"childRecords":[],"interuppted":false}],"interuppted":false},{"index":15,"isIgnoredIfFailed":false,"type":"TEST_STEP","name":"Statement - Try","description":"","startTime":1523337836066,"endTime":1523337836125,"childRecords":[{"index":1,"isIgnoredIfFailed":false,"type":"TEST_STEP","name":"Statement - Errormsg \u003d com.kms.katalon.core.webui.keyword.WebUiBuiltInKeywords.getText(com.kms.katalon.core.testobject.ObjectRepository.findTestObject(Object Repository/Create_a_New_Dept/AlreadyExistingDeptCode-DeptName))","message":"Text of object \u0027Object Repository/Create_a_New_Dept/AlreadyExistingDeptCode-DeptName\u0027 is: \u0027\u0027","description":"","startTime":1523337836066,"endTime":1523337836121,"childRecords":[{"testStatus":{"stackTrace":"","statusValue":"PASSED"},"type":"MESSAGE","name":"","message":"Text of object \u0027Object Repository/Create_a_New_Dept/AlreadyExistingDeptCode-DeptName\u0027 is: \u0027\u0027","startTime":1523337836120,"endTime":0,"childRecords":[],"interuppted":false}],"interuppted":false},{"index":2,"isIgnoredIfFailed":false,"type":"TEST_STEP","name":"Statement - println(Errormsg)","description":"","startTime":1523337836121,"endTime":1523337836124,"childRecords":[],"interuppted":false},{"index":3,"isIgnoredIfFailed":false,"type":"TEST_STEP","name":"Statement - println(\"Error Message has been Displayed\")","description":"","startTime":1523337836124,"endTime":1523337836125,"childRecords":[],"interuppted":false}],"interuppted":false},{"testStatus":{"stackTrace":"","statusValue":"PASSED"},"type":"MESSAGE","name":"","message":"Test Cases/Smoke/TC-09","startTime":1523337836126,"endTime":0,"childRecords":[],"interuppted":false},{"index":-1,"isIgnoredIfFailed":false,"type":"TEST_STEP","name":"Start listener action : AfterTestCaseCloseBrowser","message":"Invoke \u0027com.kms.katalon.core.annotation.AfterTestCase\u0027 method: \u0027ImScan.AfterTestCaseCloseBrowser(...)\u0027 completed.","description":"","startTime":1523337836126,"endTime":1523337836130,"childRecords":[],"interuppted":false}],"interuppted":false},{"isOptional":false,"type":"TEST_CASE","name":"Test Cases/Smoke/TC-1 Creating a new Department","id":"Test Cases/Smoke/TC-1 Creating a new Department","source":"C:\\\\Users\\\\Dikshita\\\\git\\\\imscanredev\\\\Test Cases\\\\Smoke\\\\TC-1 Creating a new Department.tc","message":"Test Cases/Smoke/TC-1 Creating a new Department FAILED because (of) Unable to verify object \u0027Object Repository/Create_a_New_Dept/verifyDisplayedOrNot/td_Law1\u0027 is present (Root cause: com.kms.katalon.core.webui.exception.WebElementNotFoundException: Web element with id: \u0027Object Repository/Create_a_New_Dept/verifyDisplayedOrNot/td_Law1\u0027 located by \u0027By.xpath: //td[(text() \u003d \u0027Law1\u0027 or . \u003d \u0027Law1\u0027)]\u0027 not found)","description":"","startTime":1523337836137,"endTime":1523337866298,"childRecords":[{"testStatus":{"stackTrace":"","statusValue":"INFO"},"type":"MESSAGE","name":"","message":"Evaluating variables for test case","startTime":1523337836149,"endTime":0,"childRecords":[],"interuppted":false},{"index":-1,"isIgnoredIfFailed":false,"type":"TEST_STEP","name":"Start listener action : BeforeTestCaseOpenBrowser","message":"Invoke \u0027com.kms.katalon.core.annotation.BeforeTestCase\u0027 method: \u0027ImScan.BeforeTestCaseOpenBrowser(...)\u0027 completed.","description":"","startTime":1523337836149,"endTime":1523337851150,"childRecords":[{"index":1,"isIgnoredIfFailed":false,"type":"TEST_STEP","name":"openBrowser","message":"Browser is opened with url: \u0027http://rsspl51/CSSIMSCANUI/Login/Index\u0027","description":"","startTime":1523337836150,"endTime":1523337849976,"childRecords":[{"testStatus":{"stackTrace":"","statusValue":"WARNING"},"type":"MESSAGE","name":"","message":"A browser is already opened. Closing browser and opening a new one","startTime":1523337836156,"endTime":0,"childRecords":[],"interuppted":false},{"testStatus":{"stackTrace":"","statusValue":"PASSED"},"type":"MESSAGE","name":"","message":"Browser is opened with url: \u0027http://rsspl51/CSSIMSCANUI/Login/Index\u0027","startTime":1523337849974,"endTime":0,"childRecords":[],"interuppted":false}],"interuppted":false},{"index":2,"isIgnoredIfFailed":false,"type":"TEST_STEP","name":"maximizeWindow","message":"Current window maximized","description":"","startTime":1523337849977,"endTime":1523337851147,"childRecords":[{"testStatus":{"stackTrace":"","statusValue":"PASSED"},"type":"MESSAGE","name":"","message":"Current window maximized","startTime":1523337851146,"endTime":0,"childRecords":[],"interuppted":false}],"interuppted":false},{"index":3,"isIgnoredIfFailed":false,"type":"TEST_STEP","name":"Statement - TestID \u003d testCaseContext.getTestCaseId()","description":"","startTime":1523337851148,"endTime":1523337851148,"childRecords":[],"interuppted":false},{"index":4,"isIgnoredIfFailed":false,"type":"TEST_STEP","name":"Statement - println(TestID)","message":"Invoke \u0027com.kms.katalon.core.annotation.BeforeTestCase\u0027 method: \u0027ImScan.BeforeTestCaseOpenBrowser(...)\u0027 completed.","description":"","startTime":1523337851149,"endTime":1523337851150,"childRecords":[],"interuppted":false}],"interuppted":false},{"index":1,"isIgnoredIfFailed":false,"type":"TEST_STEP","name":"setText","message":"Text \u0027Dixita\u0027 is set on object \u0027Object Repository/Login/Page_IMSCAN/input_UserName\u0027","description":"","startTime":1523337851260,"endTime":1523337851426,"childRecords":[{"testStatus":{"stackTrace":"","statusValue":"PASSED"},"type":"MESSAGE","name":"","message":"Text \u0027Dixita\u0027 is set on object \u0027Object Repository/Login/Page_IMSCAN/input_UserName\u0027","startTime":1523337851425,"endTime":0,"childRecords":[],"interuppted":false}],"interuppted":false},{"index":2,"isIgnoredIfFailed":false,"type":"TEST_STEP","name":"setText","message":"Text \u0027Dixita456\u0027 is set on object \u0027Object Repository/Login/Page_IMSCAN/input_Password\u0027","description":"","startTime":1523337851426,"endTime":1523337851640,"childRecords":[{"testStatus":{"stackTrace":"","statusValue":"PASSED"},"type":"MESSAGE","name":"","message":"Text \u0027Dixita456\u0027 is set on object \u0027Object Repository/Login/Page_IMSCAN/input_Password\u0027","startTime":1523337851639,"endTime":0,"childRecords":[],"interuppted":false}],"interuppted":false},{"index":3,"isIgnoredIfFailed":false,"type":"TEST_STEP","name":"click","message":"Object: \u0027Object Repository/Login/Page_IMSCAN/button_Login\u0027 is clicked on","description":"","startTime":1523337851640,"endTime":1523337851795,"childRecords":[{"testStatus":{"stackTrace":"","statusValue":"PASSED"},"type":"MESSAGE","name":"","message":"Object: \u0027Object Repository/Login/Page_IMSCAN/button_Login\u0027 is clicked on","startTime":1523337851795,"endTime":0,"childRecords":[],"interuppted":false}],"interuppted":false},{"index":4,"isIgnoredIfFailed":false,"type":"TEST_STEP","name":"verifyElementPresent","message":"Object \u0027Object Repository/Create_a_New_Dept/VerfiyHomePageDisplayed\u0027 is present","description":"","startTime":1523337851796,"endTime":1523337852356,"childRecords":[{"testStatus":{"stackTrace":"","statusValue":"PASSED"},"type":"MESSAGE","name":"","message":"Object \u0027Object Repository/Create_a_New_Dept/VerfiyHomePageDisplayed\u0027 is present","startTime":1523337852355,"endTime":0,"childRecords":[],"interuppted":false}],"interuppted":false},{"index":5,"isIgnoredIfFailed":false,"type":"TEST_STEP","name":"delay","message":"Delayed 3 second(s)","description":"","startTime":1523337852357,"endTime":1523337855361,"childRecords":[{"testStatus":{"stackTrace":"","statusValue":"PASSED"},"type":"MESSAGE","name":"","message":"Delayed 3 second(s)","startTime":1523337855360,"endTime":0,"childRecords":[],"interuppted":false}],"interuppted":false},{"index":6,"isIgnoredIfFailed":false,"type":"TEST_STEP","name":"click","message":"Object: \u0027Object Repository/Create_a_New_Dept/ClickOnDepartments\u0027 is clicked on","description":"","startTime":1523337855362,"endTime":1523337855578,"childRecords":[{"testStatus":{"stackTrace":"","statusValue":"PASSED"},"type":"MESSAGE","name":"","message":"Object: \u0027Object Repository/Create_a_New_Dept/ClickOnDepartments\u0027 is clicked on","startTime":1523337855578,"endTime":0,"childRecords":[],"interuppted":false}],"interuppted":false},{"index":7,"isIgnoredIfFailed":false,"type":"TEST_STEP","name":"delay","message":"Delayed 2 second(s)","description":"","startTime":1523337855578,"endTime":1523337857582,"childRecords":[{"testStatus":{"stackTrace":"","statusValue":"PASSED"},"type":"MESSAGE","name":"","message":"Delayed 2 second(s)","startTime":1523337857581,"endTime":0,"childRecords":[],"interuppted":false}],"interuppted":false},{"index":8,"isIgnoredIfFailed":false,"type":"TEST_STEP","name":"click","message":"Object: \u0027Object Repository/Create_a_New_Dept/ClickOnCreateDept\u0027 is clicked on","description":"","startTime":1523337857582,"endTime":1523337857735,"childRecords":[{"testStatus":{"stackTrace":"","statusValue":"PASSED"},"type":"MESSAGE","name":"","message":"Object: \u0027Object Repository/Create_a_New_Dept/ClickOnCreateDept\u0027 is clicked on","startTime":1523337857735,"endTime":0,"childRecords":[],"interuppted":false}],"interuppted":false},{"index":9,"isIgnoredIfFailed":false,"type":"TEST_STEP","name":"waitForAlert","message":"No alert found after 2 second(s).","description":"","startTime":1523337857736,"endTime":1523337859792,"childRecords":[{"testStatus":{"stackTrace":"","statusValue":"WARNING"},"type":"MESSAGE","name":"","message":"No alert found after 2 second(s).","startTime":1523337859791,"endTime":0,"childRecords":[],"interuppted":false}],"interuppted":false},{"index":10,"isIgnoredIfFailed":false,"type":"TEST_STEP","name":"verifyElementVisible","message":"Object \u0027Object Repository/Create_a_New_Dept/CreateDeptPopup/PopUpforDept/h4_Create Department\u0027 is visible","description":"","startTime":1523337859792,"endTime":1523337859873,"childRecords":[{"testStatus":{"stackTrace":"","statusValue":"PASSED"},"type":"MESSAGE","name":"","message":"Object \u0027Object Repository/Create_a_New_Dept/CreateDeptPopup/PopUpforDept/h4_Create Department\u0027 is visible","startTime":1523337859873,"endTime":0,"childRecords":[],"interuppted":false}],"interuppted":false},{"index":11,"isIgnoredIfFailed":false,"type":"TEST_STEP","name":"setText","message":"Text \u002750\u0027 is set on object \u0027Object Repository/Create_a_New_Dept/CreateDeptPopup/PopUpforDept/input_Code\u0027","description":"","startTime":1523337859873,"endTime":1523337860035,"childRecords":[{"testStatus":{"stackTrace":"","statusValue":"PASSED"},"type":"MESSAGE","name":"","message":"Text \u002750\u0027 is set on object \u0027Object Repository/Create_a_New_Dept/CreateDeptPopup/PopUpforDept/input_Code\u0027","startTime":1523337860034,"endTime":0,"childRecords":[],"interuppted":false}],"interuppted":false},{"index":12,"isIgnoredIfFailed":false,"type":"TEST_STEP","name":"setText","message":"Text \u0027Law50\u0027 is set on object \u0027Object Repository/Create_a_New_Dept/CreateDeptPopup/PopUpforDept/input_Name\u0027","description":"","startTime":1523337860035,"endTime":1523337860189,"childRecords":[{"testStatus":{"stackTrace":"","statusValue":"PASSED"},"type":"MESSAGE","name":"","message":"Text \u0027Law50\u0027 is set on object \u0027Object Repository/Create_a_New_Dept/CreateDeptPopup/PopUpforDept/input_Name\u0027","startTime":1523337860187,"endTime":0,"childRecords":[],"interuppted":false}],"interuppted":false},{"index":13,"isIgnoredIfFailed":false,"type":"TEST_STEP","name":"click","message":"Object: \u0027Object Repository/Create_a_New_Dept/ClickOnSavePopup\u0027 is clicked on","description":"","startTime":1523337860189,"endTime":1523337860284,"childRecords":[{"testStatus":{"stackTrace":"","statusValue":"PASSED"},"type":"MESSAGE","name":"","message":"Object: \u0027Object Repository/Create_a_New_Dept/ClickOnSavePopup\u0027 is clicked on","startTime":1523337860283,"endTime":0,"childRecords":[],"interuppted":false}],"interuppted":false},{"index":14,"isIgnoredIfFailed":false,"type":"TEST_STEP","name":"Statement - var1 \u003d com.kms.katalon.core.webui.keyword.WebUiBuiltInKeywords.setText(com.kms.katalon.core.testobject.ObjectRepository.findTestObject(Object Repository/Search/Search_Inspect), \"Law50\")","message":"Text \u0027Law50\u0027 is set on object \u0027Object Repository/Search/Search_Inspect\u0027","description":"","startTime":1523337860284,"endTime":1523337860461,"childRecords":[{"testStatus":{"stackTrace":"","statusValue":"PASSED"},"type":"MESSAGE","name":"","message":"Text \u0027Law50\u0027 is set on object \u0027Object Repository/Search/Search_Inspect\u0027","startTime":1523337860460,"endTime":0,"childRecords":[],"interuppted":false}],"interuppted":false},{"attachment":"1523337866013.png","index":15,"isIgnoredIfFailed":false,"type":"TEST_STEP","name":"verifyElementPresent","message":"Unable to verify object \u0027Object Repository/Create_a_New_Dept/verifyDisplayedOrNot/td_Law1\u0027 is present (Root cause: com.kms.katalon.core.webui.exception.WebElementNotFoundException: Web element with id: \u0027Object Repository/Create_a_New_Dept/verifyDisplayedOrNot/td_Law1\u0027 located by \u0027By.xpath: //td[(text() \u003d \u0027Law1\u0027 or . \u003d \u0027Law1\u0027)]\u0027 not found)","description":"","startTime":1523337860461,"endTime":1523337866295,"childRecords":[{"testStatus":{"stackTrace":"","statusValue":"FAILED"},"attachment":"1523337865697.png","type":"MESSAGE","name":"","message":"com.kms.katalon.core.webui.exception.WebElementNotFoundException: Web element with id: \u0027Object Repository/Create_a_New_Dept/verifyDisplayedOrNot/td_Law1\u0027 located by \u0027By.xpath: //td[(text() \u003d \u0027Law1\u0027 or . \u003d \u0027Law1\u0027)]\u0027 not found","startTime":1523337866012,"endTime":0,"childRecords":[],"interuppted":false},{"testStatus":{"stackTrace":"","statusValue":"FAILED"},"attachment":"1523337866013.png","type":"MESSAGE","name":"","message":"Unable to verify object \u0027Object Repository/Create_a_New_Dept/verifyDisplayedOrNot/td_Law1\u0027 is present (Root cause: com.kms.katalon.core.webui.exception.WebElementNotFoundException: Web element with id: \u0027Object Repository/Create_a_New_Dept/verifyDisplayedOrNot/td_Law1\u0027 located by \u0027By.xpath: //td[(text() \u003d \u0027Law1\u0027 or . \u003d \u0027Law1\u0027)]\u0027 not found)","startTime":1523337866294,"endTime":0,"childRecords":[],"interuppted":false}],"interuppted":false},{"testStatus":{"stackTrace":"","statusValue":"FAILED"},"type":"MESSAGE","name":"","message":"Test Cases/Smoke/TC-1 Creating a new Department FAILED because (of) Unable to verify object \u0027Object Repository/Create_a_New_Dept/verifyDisplayedOrNot/td_Law1\u0027 is present (Root cause: com.kms.katalon.core.webui.exception.WebElementNotFoundException: Web element with id: \u0027Object Repository/Create_a_New_Dept/verifyDisplayedOrNot/td_Law1\u0027 located by \u0027By.xpath: //td[(text() \u003d \u0027Law1\u0027 or . \u003d \u0027Law1\u0027)]\u0027 not found)","startTime":1523337866295,"endTime":0,"childRecords":[],"interuppted":false},{"index":-1,"isIgnoredIfFailed":false,"type":"TEST_STEP","name":"Start listener action : AfterTestCaseCloseBrowser","message":"Invoke \u0027com.kms.katalon.core.annotation.AfterTestCase\u0027 method: \u0027ImScan.AfterTestCaseCloseBrowser(...)\u0027 completed.","description":"","startTime":1523337866297,"endTime":1523337866298,"childRecords":[],"interuppted":false}],"interuppted":false},{"isOptional":false,"type":"TEST_CASE","name":"Test Cases/Smoke/TC-143_Login_ValidLogin","id":"Test Cases/Smoke/TC-143_Login_ValidLogin","source":"C:\\\\Users\\\\Dikshita\\\\git\\\\imscanredev\\\\Test Cases\\\\Smoke\\\\TC-143_Login_ValidLogin.tc","message":"Invoke \u0027com.kms.katalon.core.annotation.AfterTestCase\u0027 method: \u0027ImScan.AfterTestCaseCloseBrowser(...)\u0027 completed.","description":"User is able to log into the application when valid credentials are passed and be directed to Home Page","startTime":1523337866301,"endTime":1523337872337,"childRecords":[{"testStatus":{"stackTrace":"","statusValue":"INFO"},"type":"MESSAGE","name":"","message":"Evaluating variables for test case","startTime":1523337866307,"endTime":0,"childRecords":[],"interuppted":false},{"index":-1,"isIgnoredIfFailed":false,"type":"TEST_STEP","name":"Start listener action : BeforeTestCaseOpenBrowser","message":"Invoke \u0027com.kms.katalon.core.annotation.BeforeTestCase\u0027 method: \u0027ImScan.BeforeTestCaseOpenBrowser(...)\u0027 completed.","description":"","startTime":1523337866308,"endTime":1523337871057,"childRecords":[{"index":1,"isIgnoredIfFailed":false,"type":"TEST_STEP","name":"openBrowser","message":"Browser is opened with url: \u0027http://rsspl51/CSSIMSCANUI/Login/Index\u0027","description":"","startTime":1523337866308,"endTime":1523337869878,"childRecords":[{"testStatus":{"stackTrace":"","statusValue":"WARNING"},"type":"MESSAGE","name":"","message":"A browser is already opened. Closing browser and opening a new one","startTime":1523337866309,"endTime":0,"childRecords":[],"interuppted":false},{"testStatus":{"stackTrace":"","statusValue":"PASSED"},"type":"MESSAGE","name":"","message":"Browser is opened with url: \u0027http://rsspl51/CSSIMSCANUI/Login/Index\u0027","startTime":1523337869877,"endTime":0,"childRecords":[],"interuppted":false}],"interuppted":false},{"index":2,"isIgnoredIfFailed":false,"type":"TEST_STEP","name":"maximizeWindow","message":"Current window maximized","description":"","startTime":1523337869878,"endTime":1523337871055,"childRecords":[{"testStatus":{"stackTrace":"","statusValue":"PASSED"},"type":"MESSAGE","name":"","message":"Current window maximized","startTime":1523337871054,"endTime":0,"childRecords":[],"interuppted":false}],"interuppted":false},{"index":3,"isIgnoredIfFailed":false,"type":"TEST_STEP","name":"Statement - TestID \u003d testCaseContext.getTestCaseId()","description":"","startTime":1523337871056,"endTime":1523337871056,"childRecords":[],"interuppted":false},{"index":4,"isIgnoredIfFailed":false,"type":"TEST_STEP","name":"Statement - println(TestID)","message":"Invoke \u0027com.kms.katalon.core.annotation.BeforeTestCase\u0027 method: \u0027ImScan.BeforeTestCaseOpenBrowser(...)\u0027 completed.","description":"","startTime":1523337871056,"endTime":1523337871057,"childRecords":[],"interuppted":false}],"interuppted":false},{"index":1,"isIgnoredIfFailed":false,"type":"TEST_STEP","name":"setText","message":"Text \u0027Dixita\u0027 is set on object \u0027Object Repository/Login/Page_IMSCAN/input_UserName\u0027","description":"","startTime":1523337871190,"endTime":1523337871345,"childRecords":[{"testStatus":{"stackTrace":"","statusValue":"PASSED"},"type":"MESSAGE","name":"","message":"Text \u0027Dixita\u0027 is set on object \u0027Object Repository/Login/Page_IMSCAN/input_UserName\u0027","startTime":1523337871344,"endTime":0,"childRecords":[],"interuppted":false}],"interuppted":false},{"index":2,"isIgnoredIfFailed":false,"type":"TEST_STEP","name":"setText","message":"Text \u0027Dixita456\u0027 is set on object \u0027Object Repository/Login/Page_IMSCAN/input_Password\u0027","description":"","startTime":1523337871345,"endTime":1523337871609,"childRecords":[{"testStatus":{"stackTrace":"","statusValue":"PASSED"},"type":"MESSAGE","name":"","message":"Text \u0027Dixita456\u0027 is set on object \u0027Object Repository/Login/Page_IMSCAN/input_Password\u0027","startTime":1523337871608,"endTime":0,"childRecords":[],"interuppted":false}],"interuppted":false},{"index":3,"isIgnoredIfFailed":false,"type":"TEST_STEP","name":"click","message":"Object: \u0027Object Repository/Login/Page_IMSCAN/button_Login\u0027 is clicked on","description":"","startTime":1523337871609,"endTime":1523337871716,"childRecords":[{"testStatus":{"stackTrace":"","statusValue":"PASSED"},"type":"MESSAGE","name":"","message":"Object: \u0027Object Repository/Login/Page_IMSCAN/button_Login\u0027 is clicked on","startTime":1523337871715,"endTime":0,"childRecords":[],"interuppted":false}],"interuppted":false},{"index":4,"isIgnoredIfFailed":false,"type":"TEST_STEP","name":"click","message":"Object: \u0027Object Repository/Login/Page_IMSCAN - EDoc System/div_Home\u0027 is clicked on","description":"","startTime":1523337871716,"endTime":1523337872335,"childRecords":[{"testStatus":{"stackTrace":"","statusValue":"PASSED"},"type":"MESSAGE","name":"","message":"Object: \u0027Object Repository/Login/Page_IMSCAN - EDoc System/div_Home\u0027 is clicked on","startTime":1523337872335,"endTime":0,"childRecords":[],"interuppted":false}],"interuppted":false},{"testStatus":{"stackTrace":"","statusValue":"PASSED"},"type":"MESSAGE","name":"","message":"Test Cases/Smoke/TC-143_Login_ValidLogin","startTime":1523337872336,"endTime":0,"childRecords":[],"interuppted":false},{"index":-1,"isIgnoredIfFailed":false,"type":"TEST_STEP","name":"Start listener action : AfterTestCaseCloseBrowser","message":"Invoke \u0027com.kms.katalon.core.annotation.AfterTestCase\u0027 method: \u0027ImScan.AfterTestCaseCloseBrowser(...)\u0027 completed.","description":"","startTime":1523337872336,"endTime":1523337872337,"childRecords":[],"interuppted":false}],"interuppted":false},{"isOptional":false,"type":"TEST_CASE","name":"Test Cases/Smoke/TC-145_Login_InvalidLogin","id":"Test Cases/Smoke/TC-145_Login_InvalidLogin","source":"C:\\\\Users\\\\Dikshita\\\\git\\\\imscanredev\\\\Test Cases\\\\Smoke\\\\TC-145_Login_InvalidLogin.tc","message":"Invoke \u0027com.kms.katalon.core.annotation.AfterTestCase\u0027 method: \u0027ImScan.AfterTestCaseCloseBrowser(...)\u0027 completed.","description":"Verify that user is able to log into the application when invalid username is passed (Username not existing in the system)","startTime":1523337872339,"endTime":1523337877580,"childRecords":[{"testStatus":{"stackTrace":"","statusValue":"INFO"},"type":"MESSAGE","name":"","message":"Evaluating variables for test case","startTime":1523337872344,"endTime":0,"childRecords":[],"interuppted":false},{"index":-1,"isIgnoredIfFailed":false,"type":"TEST_STEP","name":"Start listener action : BeforeTestCaseOpenBrowser","message":"Invoke \u0027com.kms.katalon.core.annotation.BeforeTestCase\u0027 method: \u0027ImScan.BeforeTestCaseOpenBrowser(...)\u0027 completed.","description":"","startTime":1523337872345,"endTime":1523337876991,"childRecords":[{"index":1,"isIgnoredIfFailed":false,"type":"TEST_STEP","name":"openBrowser","message":"Browser is opened with url: \u0027http://rsspl51/CSSIMSCANUI/Login/Index\u0027","description":"","startTime":1523337872345,"endTime":1523337875813,"childRecords":[{"testStatus":{"stackTrace":"","statusValue":"WARNING"},"type":"MESSAGE","name":"","message":"A browser is already opened. Closing browser and opening a new one","startTime":1523337872346,"endTime":0,"childRecords":[],"interuppted":false},{"testStatus":{"stackTrace":"","statusValue":"PASSED"},"type":"MESSAGE","name":"","message":"Browser is opened with url: \u0027http://rsspl51/CSSIMSCANUI/Login/Index\u0027","startTime":1523337875813,"endTime":0,"childRecords":[],"interuppted":false}],"interuppted":false},{"index":2,"isIgnoredIfFailed":false,"type":"TEST_STEP","name":"maximizeWindow","message":"Current window maximized","description":"","startTime":1523337875814,"endTime":1523337876990,"childRecords":[{"testStatus":{"stackTrace":"","statusValue":"PASSED"},"type":"MESSAGE","name":"","message":"Current window maximized","startTime":1523337876989,"endTime":0,"childRecords":[],"interuppted":false}],"interuppted":false},{"index":3,"isIgnoredIfFailed":false,"type":"TEST_STEP","name":"Statement - TestID \u003d testCaseContext.getTestCaseId()","description":"","startTime":1523337876990,"endTime":1523337876990,"childRecords":[],"interuppted":false},{"index":4,"isIgnoredIfFailed":false,"type":"TEST_STEP","name":"Statement - println(TestID)","message":"Invoke \u0027com.kms.katalon.core.annotation.BeforeTestCase\u0027 method: \u0027ImScan.BeforeTestCaseOpenBrowser(...)\u0027 completed.","description":"","startTime":1523337876990,"endTime":1523337876991,"childRecords":[],"interuppted":false}],"interuppted":false},{"index":1,"isIgnoredIfFailed":false,"type":"TEST_STEP","name":"setText","message":"Text \u0027Dixita\u0027 is set on object \u0027Object Repository/Login/Page_IMSCAN/input_UserName\u0027","description":"","startTime":1523337877104,"endTime":1523337877283,"childRecords":[{"testStatus":{"stackTrace":"","statusValue":"PASSED"},"type":"MESSAGE","name":"","message":"Text \u0027Dixita\u0027 is set on object \u0027Object Repository/Login/Page_IMSCAN/input_UserName\u0027","startTime":1523337877283,"endTime":0,"childRecords":[],"interuppted":false}],"interuppted":false},{"index":2,"isIgnoredIfFailed":false,"type":"TEST_STEP","name":"setText","message":"Text \u0027Dixita123\u0027 is set on object \u0027Object Repository/Login/Page_IMSCAN/input_Password\u0027","description":"","startTime":1523337877284,"endTime":1523337877477,"childRecords":[{"testStatus":{"stackTrace":"","statusValue":"PASSED"},"type":"MESSAGE","name":"","message":"Text \u0027Dixita123\u0027 is set on object \u0027Object Repository/Login/Page_IMSCAN/input_Password\u0027","startTime":1523337877476,"endTime":0,"childRecords":[],"interuppted":false}],"interuppted":false},{"index":3,"isIgnoredIfFailed":false,"type":"TEST_STEP","name":"click","message":"Object: \u0027Object Repository/Login/Page_IMSCAN/button_Login\u0027 is clicked on","description":"","startTime":1523337877477,"endTime":1523337877578,"childRecords":[{"testStatus":{"stackTrace":"","statusValue":"PASSED"},"type":"MESSAGE","name":"","message":"Object: \u0027Object Repository/Login/Page_IMSCAN/button_Login\u0027 is clicked on","startTime":1523337877578,"endTime":0,"childRecords":[],"interuppted":false}],"interuppted":false},{"testStatus":{"stackTrace":"","statusValue":"PASSED"},"type":"MESSAGE","name":"","message":"Test Cases/Smoke/TC-145_Login_InvalidLogin","startTime":1523337877578,"endTime":0,"childRecords":[],"interuppted":false},{"index":-1,"isIgnoredIfFailed":false,"type":"TEST_STEP","name":"Start listener action : AfterTestCaseCloseBrowser","message":"Invoke \u0027com.kms.katalon.core.annotation.AfterTestCase\u0027 method: \u0027ImScan.AfterTestCaseCloseBrowser(...)\u0027 completed.","description":"","startTime":1523337877579,"endTime":1523337877579,"childRecords":[],"interuppted":false}],"interuppted":false},{"isOptional":false,"type":"TEST_CASE","name":"Test Cases/Smoke/TC-26","id":"Test Cases/Smoke/TC-26","source":"C:\\\\Users\\\\Dikshita\\\\git\\\\imscanredev\\\\Test Cases\\\\Smoke\\\\TC-26.tc","message":"Invoke \u0027com.kms.katalon.core.annotation.AfterTestCase\u0027 method: \u0027ImScan.AfterTestCaseCloseBrowser(...)\u0027 completed.","description":"","startTime":1523337877583,"endTime":1523337904653,"childRecords":[{"testStatus":{"stackTrace":"","statusValue":"INFO"},"type":"MESSAGE","name":"","message":"Evaluating variables for test case","startTime":1523337877595,"endTime":0,"childRecords":[],"interuppted":false},{"index":-1,"isIgnoredIfFailed":false,"type":"TEST_STEP","name":"Start listener action : BeforeTestCaseOpenBrowser","message":"Invoke \u0027com.kms.katalon.core.annotation.BeforeTestCase\u0027 method: \u0027ImScan.BeforeTestCaseOpenBrowser(...)\u0027 completed.","description":"","startTime":1523337877596,"endTime":1523337882383,"childRecords":[{"index":1,"isIgnoredIfFailed":false,"type":"TEST_STEP","name":"openBrowser","message":"Browser is opened with url: \u0027http://rsspl51/CSSIMSCANUI/Login/Index\u0027","description":"","startTime":1523337877597,"endTime":1523337881204,"childRecords":[{"testStatus":{"stackTrace":"","statusValue":"WARNING"},"type":"MESSAGE","name":"","message":"A browser is already opened. Closing browser and opening a new one","startTime":1523337877600,"endTime":0,"childRecords":[],"interuppted":false},{"testStatus":{"stackTrace":"","statusValue":"PASSED"},"type":"MESSAGE","name":"","message":"Browser is opened with url: \u0027http://rsspl51/CSSIMSCANUI/Login/Index\u0027","startTime":1523337881203,"endTime":0,"childRecords":[],"interuppted":false}],"interuppted":false},{"index":2,"isIgnoredIfFailed":false,"type":"TEST_STEP","name":"maximizeWindow","message":"Current window maximized","description":"","startTime":1523337881204,"endTime":1523337882379,"childRecords":[{"testStatus":{"stackTrace":"","statusValue":"PASSED"},"type":"MESSAGE","name":"","message":"Current window maximized","startTime":1523337882378,"endTime":0,"childRecords":[],"interuppted":false}],"interuppted":false},{"index":3,"isIgnoredIfFailed":false,"type":"TEST_STEP","name":"Statement - TestID \u003d testCaseContext.getTestCaseId()","description":"","startTime":1523337882379,"endTime":1523337882379,"childRecords":[],"interuppted":false},{"index":4,"isIgnoredIfFailed":false,"type":"TEST_STEP","name":"Statement - println(TestID)","message":"Invoke \u0027com.kms.katalon.core.annotation.BeforeTestCase\u0027 method: \u0027ImScan.BeforeTestCaseOpenBrowser(...)\u0027 completed.","description":"","startTime":1523337882382,"endTime":1523337882383,"childRecords":[],"interuppted":false}],"interuppted":false},{"index":1,"isIgnoredIfFailed":false,"type":"TEST_STEP","name":"setText","message":"Text \u0027Dixita\u0027 is set on object \u0027Object Repository/Login/Page_IMSCAN/input_UserName\u0027","description":"","startTime":1523337882532,"endTime":1523337882749,"childRecords":[{"testStatus":{"stackTrace":"","statusValue":"PASSED"},"type":"MESSAGE","name":"","message":"Text \u0027Dixita\u0027 is set on object \u0027Object Repository/Login/Page_IMSCAN/input_UserName\u0027","startTime":1523337882748,"endTime":0,"childRecords":[],"interuppted":false}],"interuppted":false},{"index":2,"isIgnoredIfFailed":false,"type":"TEST_STEP","name":"setText","message":"Text \u0027Dixita456\u0027 is set on object \u0027Object Repository/Login/Page_IMSCAN/input_Password\u0027","description":"","startTime":1523337882749,"endTime":1523337882953,"childRecords":[{"testStatus":{"stackTrace":"","statusValue":"PASSED"},"type":"MESSAGE","name":"","message":"Text \u0027Dixita456\u0027 is set on object \u0027Object Repository/Login/Page_IMSCAN/input_Password\u0027","startTime":1523337882952,"endTime":0,"childRecords":[],"interuppted":false}],"interuppted":false},{"index":3,"isIgnoredIfFailed":false,"type":"TEST_STEP","name":"click","message":"Object: \u0027Object Repository/Login/Page_IMSCAN/button_Login\u0027 is clicked on","description":"","startTime":1523337882953,"endTime":1523337883084,"childRecords":[{"testStatus":{"stackTrace":"","statusValue":"PASSED"},"type":"MESSAGE","name":"","message":"Object: \u0027Object Repository/Login/Page_IMSCAN/button_Login\u0027 is clicked on","startTime":1523337883083,"endTime":0,"childRecords":[],"interuppted":false}],"interuppted":false},{"index":4,"isIgnoredIfFailed":false,"type":"TEST_STEP","name":"verifyElementPresent","message":"Object \u0027Object Repository/Create_a_New_Dept/VerfiyHomePageDisplayed\u0027 is present","description":"","startTime":1523337883085,"endTime":1523337883640,"childRecords":[{"testStatus":{"stackTrace":"","statusValue":"PASSED"},"type":"MESSAGE","name":"","message":"Object \u0027Object Repository/Create_a_New_Dept/VerfiyHomePageDisplayed\u0027 is present","startTime":1523337883639,"endTime":0,"childRecords":[],"interuppted":false}],"interuppted":false},{"index":5,"isIgnoredIfFailed":false,"type":"TEST_STEP","name":"delay","message":"Delayed 3 second(s)","description":"","startTime":1523337883640,"endTime":1523337886642,"childRecords":[{"testStatus":{"stackTrace":"","statusValue":"PASSED"},"type":"MESSAGE","name":"","message":"Delayed 3 second(s)","startTime":1523337886641,"endTime":0,"childRecords":[],"interuppted":false}],"interuppted":false},{"index":6,"isIgnoredIfFailed":false,"type":"TEST_STEP","name":"click","message":"Object: \u0027Object Repository/Users/Users\u0027 is clicked on","description":"","startTime":1523337886643,"endTime":1523337886772,"childRecords":[{"testStatus":{"stackTrace":"","statusValue":"PASSED"},"type":"MESSAGE","name":"","message":"Object: \u0027Object Repository/Users/Users\u0027 is clicked on","startTime":1523337886771,"endTime":0,"childRecords":[],"interuppted":false}],"interuppted":false},{"index":7,"isIgnoredIfFailed":false,"type":"TEST_STEP","name":"click","message":"Object: \u0027Object Repository/Users/CreateUser\u0027 is clicked on","description":"","startTime":1523337886772,"endTime":1523337887388,"childRecords":[{"testStatus":{"stackTrace":"","statusValue":"PASSED"},"type":"MESSAGE","name":"","message":"Object: \u0027Object Repository/Users/CreateUser\u0027 is clicked on","startTime":1523337887388,"endTime":0,"childRecords":[],"interuppted":false}],"interuppted":false},{"index":8,"isIgnoredIfFailed":false,"type":"TEST_STEP","name":"waitForAlert","message":"No alert found after 5 second(s).","description":"","startTime":1523337887389,"endTime":1523337892465,"childRecords":[{"testStatus":{"stackTrace":"","statusValue":"WARNING"},"type":"MESSAGE","name":"","message":"No alert found after 5 second(s).","startTime":1523337892464,"endTime":0,"childRecords":[],"interuppted":false}],"interuppted":false},{"index":9,"isIgnoredIfFailed":false,"type":"TEST_STEP","name":"focus","message":"Object: \u0027Object Repository/Users/UsersPopUp/Popup\u0027 is focused","description":"","startTime":1523337892466,"endTime":1523337892571,"childRecords":[{"testStatus":{"stackTrace":"","statusValue":"PASSED"},"type":"MESSAGE","name":"","message":"Object: \u0027Object Repository/Users/UsersPopUp/Popup\u0027 is focused","startTime":1523337892570,"endTime":0,"childRecords":[],"interuppted":false}],"interuppted":false},{"index":10,"isIgnoredIfFailed":false,"type":"TEST_STEP","name":"delay","message":"Delayed 5 second(s)","description":"","startTime":1523337892571,"endTime":1523337897572,"childRecords":[{"testStatus":{"stackTrace":"","statusValue":"PASSED"},"type":"MESSAGE","name":"","message":"Delayed 5 second(s)","startTime":1523337897572,"endTime":0,"childRecords":[],"interuppted":false}],"interuppted":false},{"index":11,"isIgnoredIfFailed":false,"type":"TEST_STEP","name":"waitForElementVisible","message":"Object \u0027Object Repository/Users/Firstname\u0027 is visible","description":"","startTime":1523337897572,"endTime":1523337897624,"childRecords":[{"testStatus":{"stackTrace":"","statusValue":"PASSED"},"type":"MESSAGE","name":"","message":"Object \u0027Object Repository/Users/Firstname\u0027 is visible","startTime":1523337897624,"endTime":0,"childRecords":[],"interuppted":false}],"interuppted":false},{"index":12,"isIgnoredIfFailed":false,"type":"TEST_STEP","name":"focus","message":"Object: \u0027Object Repository/Users/Firstname\u0027 is focused","description":"","startTime":1523337897624,"endTime":1523337897698,"childRecords":[{"testStatus":{"stackTrace":"","statusValue":"PASSED"},"type":"MESSAGE","name":"","message":"Object: \u0027Object Repository/Users/Firstname\u0027 is focused","startTime":1523337897697,"endTime":0,"childRecords":[],"interuppted":false}],"interuppted":false},{"index":13,"isIgnoredIfFailed":false,"type":"TEST_STEP","name":"setText","message":"Text \u0027Steve\u0027 is set on object \u0027Object Repository/Users/Firstname\u0027","description":"","startTime":1523337897698,"endTime":1523337897878,"childRecords":[{"testStatus":{"stackTrace":"","statusValue":"PASSED"},"type":"MESSAGE","name":"","message":"Text \u0027Steve\u0027 is set on object \u0027Object Repository/Users/Firstname\u0027","startTime":1523337897876,"endTime":0,"childRecords":[],"interuppted":false}],"interuppted":false},{"index":14,"isIgnoredIfFailed":false,"type":"TEST_STEP","name":"delay","message":"Delayed 3 second(s)","description":"","startTime":1523337897878,"endTime":1523337900881,"childRecords":[{"testStatus":{"stackTrace":"","statusValue":"PASSED"},"type":"MESSAGE","name":"","message":"Delayed 3 second(s)","startTime":1523337900880,"endTime":0,"childRecords":[],"interuppted":false}],"interuppted":false},{"index":15,"isIgnoredIfFailed":false,"type":"TEST_STEP","name":"focus","message":"Object: \u0027Object Repository/Users/Lastname\u0027 is focused","description":"","startTime":1523337900881,"endTime":1523337901005,"childRecords":[{"testStatus":{"stackTrace":"","statusValue":"PASSED"},"type":"MESSAGE","name":"","message":"Object: \u0027Object Repository/Users/Lastname\u0027 is focused","startTime":1523337901004,"endTime":0,"childRecords":[],"interuppted":false}],"interuppted":false},{"index":16,"isIgnoredIfFailed":false,"type":"TEST_STEP","name":"setText","message":"Text \u0027Steve\u0027 is set on object \u0027Object Repository/Users/Lastname\u0027","description":"","startTime":1523337901005,"endTime":1523337901118,"childRecords":[{"testStatus":{"stackTrace":"","statusValue":"PASSED"},"type":"MESSAGE","name":"","message":"Text \u0027Steve\u0027 is set on object \u0027Object Repository/Users/Lastname\u0027","startTime":1523337901118,"endTime":0,"childRecords":[],"interuppted":false}],"interuppted":false},{"index":17,"isIgnoredIfFailed":false,"type":"TEST_STEP","name":"focus","message":"Object: \u0027Object Repository/Users/Username\u0027 is focused","description":"","startTime":1523337901118,"endTime":1523337901187,"childRecords":[{"testStatus":{"stackTrace":"","statusValue":"PASSED"},"type":"MESSAGE","name":"","message":"Object: \u0027Object Repository/Users/Username\u0027 is focused","startTime":1523337901187,"endTime":0,"childRecords":[],"interuppted":false}],"interuppted":false},{"index":18,"isIgnoredIfFailed":false,"type":"TEST_STEP","name":"setText","message":"Text \u0027Steve\u0027 is set on object \u0027Object Repository/Users/Username\u0027","description":"","startTime":1523337901188,"endTime":1523337901296,"childRecords":[{"testStatus":{"stackTrace":"","statusValue":"PASSED"},"type":"MESSAGE","name":"","message":"Text \u0027Steve\u0027 is set on object \u0027Object Repository/Users/Username\u0027","startTime":1523337901296,"endTime":0,"childRecords":[],"interuppted":false}],"interuppted":false},{"index":19,"isIgnoredIfFailed":false,"type":"TEST_STEP","name":"focus","message":"Object: \u0027Object Repository/Users/Password\u0027 is focused","description":"","startTime":1523337901297,"endTime":1523337901367,"childRecords":[{"testStatus":{"stackTrace":"","statusValue":"PASSED"},"type":"MESSAGE","name":"","message":"Object: \u0027Object Repository/Users/Password\u0027 is focused","startTime":1523337901366,"endTime":0,"childRecords":[],"interuppted":false}],"interuppted":false},{"index":20,"isIgnoredIfFailed":false,"type":"TEST_STEP","name":"setText","message":"Text \u0027Steve\u0027 is set on object \u0027Object Repository/Users/Password\u0027","description":"","startTime":1523337901367,"endTime":1523337901474,"childRecords":[{"testStatus":{"stackTrace":"","statusValue":"PASSED"},"type":"MESSAGE","name":"","message":"Text \u0027Steve\u0027 is set on object \u0027Object Repository/Users/Password\u0027","startTime":1523337901473,"endTime":0,"childRecords":[],"interuppted":false}],"interuppted":false},{"index":21,"isIgnoredIfFailed":false,"type":"TEST_STEP","name":"focus","message":"Object: \u0027Object Repository/Users/emailId\u0027 is focused","description":"","startTime":1523337901474,"endTime":1523337901546,"childRecords":[{"testStatus":{"stackTrace":"","statusValue":"PASSED"},"type":"MESSAGE","name":"","message":"Object: \u0027Object Repository/Users/emailId\u0027 is focused","startTime":1523337901546,"endTime":0,"childRecords":[],"interuppted":false}],"interuppted":false},{"index":22,"isIgnoredIfFailed":false,"type":"TEST_STEP","name":"setText","message":"Text \u0027Steve@rsspl.com\u0027 is set on object \u0027Object Repository/Users/emailId\u0027","description":"","startTime":1523337901546,"endTime":1523337901733,"childRecords":[{"testStatus":{"stackTrace":"","statusValue":"PASSED"},"type":"MESSAGE","name":"","message":"Text \u0027Steve@rsspl.com\u0027 is set on object \u0027Object Repository/Users/emailId\u0027","startTime":1523337901732,"endTime":0,"childRecords":[],"interuppted":false}],"interuppted":false},{"index":23,"isIgnoredIfFailed":false,"type":"TEST_STEP","name":"click","message":"Object: \u0027Object Repository/Users/RoleSelection\u0027 is clicked on","description":"","startTime":1523337901733,"endTime":1523337901856,"childRecords":[{"testStatus":{"stackTrace":"","statusValue":"PASSED"},"type":"MESSAGE","name":"","message":"Object: \u0027Object Repository/Users/RoleSelection\u0027 is clicked on","startTime":1523337901855,"endTime":0,"childRecords":[],"interuppted":false}],"interuppted":false},{"index":24,"isIgnoredIfFailed":false,"type":"TEST_STEP","name":"selectOptionByValue","message":"All options with value \u002727\u0027 are selected in object \u0027Object Repository/Users/RoleSelection\u0027 ","description":"","startTime":1523337901856,"endTime":1523337902066,"childRecords":[{"testStatus":{"stackTrace":"","statusValue":"PASSED"},"type":"MESSAGE","name":"","message":"All options with value \u002727\u0027 are selected in object \u0027Object Repository/Users/RoleSelection\u0027 ","startTime":1523337902065,"endTime":0,"childRecords":[],"interuppted":false}],"interuppted":false},{"index":25,"isIgnoredIfFailed":false,"type":"TEST_STEP","name":"click","message":"Object: \u0027Object Repository/Users/SelectAvailableDoctypes\u0027 is clicked on","description":"","startTime":1523337902066,"endTime":1523337902184,"childRecords":[{"testStatus":{"stackTrace":"","statusValue":"PASSED"},"type":"MESSAGE","name":"","message":"Object: \u0027Object Repository/Users/SelectAvailableDoctypes\u0027 is clicked on","startTime":1523337902184,"endTime":0,"childRecords":[],"interuppted":false}],"interuppted":false},{"index":26,"isIgnoredIfFailed":false,"type":"TEST_STEP","name":"click","message":"Object: \u0027Object Repository/Users/ClickOnRightbutton\u0027 is clicked on","description":"","startTime":1523337902185,"endTime":1523337902316,"childRecords":[{"testStatus":{"stackTrace":"","statusValue":"PASSED"},"type":"MESSAGE","name":"","message":"Object: \u0027Object Repository/Users/ClickOnRightbutton\u0027 is clicked on","startTime":1523337902316,"endTime":0,"childRecords":[],"interuppted":false}],"interuppted":false},{"index":27,"isIgnoredIfFailed":false,"type":"TEST_STEP","name":"scrollToElement","message":"Scroll to object \u0027Object Repository/Users/SelectAvailableDept\u0027 successfully","description":"","startTime":1523337902317,"endTime":1523337902364,"childRecords":[{"testStatus":{"stackTrace":"","statusValue":"PASSED"},"type":"MESSAGE","name":"","message":"Scroll to object \u0027Object Repository/Users/SelectAvailableDept\u0027 successfully","startTime":1523337902363,"endTime":0,"childRecords":[],"interuppted":false}],"interuppted":false},{"index":28,"isIgnoredIfFailed":false,"type":"TEST_STEP","name":"click","message":"Object: \u0027Object Repository/Users/SelectAvailableDept\u0027 is clicked on","description":"","startTime":1523337902364,"endTime":1523337902452,"childRecords":[{"testStatus":{"stackTrace":"","statusValue":"PASSED"},"type":"MESSAGE","name":"","message":"Object: \u0027Object Repository/Users/SelectAvailableDept\u0027 is clicked on","startTime":1523337902451,"endTime":0,"childRecords":[],"interuppted":false}],"interuppted":false},{"index":29,"isIgnoredIfFailed":false,"type":"TEST_STEP","name":"delay","message":"Delayed 2 second(s)","description":"","startTime":1523337902452,"endTime":1523337904454,"childRecords":[{"testStatus":{"stackTrace":"","statusValue":"PASSED"},"type":"MESSAGE","name":"","message":"Delayed 2 second(s)","startTime":1523337904453,"endTime":0,"childRecords":[],"interuppted":false}],"interuppted":false},{"index":30,"isIgnoredIfFailed":false,"type":"TEST_STEP","name":"click","message":"Object: \u0027Object Repository/Users/arrow/span_glyphicon glyphicon-chevr\u0027 is clicked on","description":"","startTime":1523337904455,"endTime":1523337904580,"childRecords":[{"testStatus":{"stackTrace":"","statusValue":"PASSED"},"type":"MESSAGE","name":"","message":"Object: \u0027Object Repository/Users/arrow/span_glyphicon glyphicon-chevr\u0027 is clicked on","startTime":1523337904579,"endTime":0,"childRecords":[],"interuppted":false}],"interuppted":false},{"index":31,"isIgnoredIfFailed":false,"type":"TEST_STEP","name":"click","message":"Object: \u0027Object Repository/Users/ClickonSaveOfPopup\u0027 is clicked on","description":"","startTime":1523337904580,"endTime":1523337904652,"childRecords":[{"testStatus":{"stackTrace":"","statusValue":"PASSED"},"type":"MESSAGE","name":"","message":"Object: \u0027Object Repository/Users/ClickonSaveOfPopup\u0027 is clicked on","startTime":1523337904652,"endTime":0,"childRecords":[],"interuppted":false}],"interuppted":false},{"testStatus":{"stackTrace":"","statusValue":"PASSED"},"type":"MESSAGE","name":"","message":"Test Cases/Smoke/TC-26","startTime":1523337904652,"endTime":0,"childRecords":[],"interuppted":false},{"index":-1,"isIgnoredIfFailed":false,"type":"TEST_STEP","name":"Start listener action : AfterTestCaseCloseBrowser","message":"Invoke \u0027com.kms.katalon.core.annotation.AfterTestCase\u0027 method: \u0027ImScan.AfterTestCaseCloseBrowser(...)\u0027 completed.","description":"","startTime":1523337904653,"endTime":1523337904653,"childRecords":[],"interuppted":false}],"interuppted":false},{"isOptional":false,"type":"TEST_CASE","name":"Test Cases/Smoke/TC-46","id":"Test Cases/Smoke/TC-46","source":"C:\\\\Users\\\\Dikshita\\\\git\\\\imscanredev\\\\Test Cases\\\\Smoke\\\\TC-46.tc","message":"Invoke \u0027com.kms.katalon.core.annotation.AfterTestCase\u0027 method: \u0027ImScan.AfterTestCaseCloseBrowser(...)\u0027 completed.","description":"","startTime":1523337904657,"endTime":1523337927516,"childRecords":[{"testStatus":{"stackTrace":"","statusValue":"INFO"},"type":"MESSAGE","name":"","message":"Evaluating variables for test case","startTime":1523337904666,"endTime":0,"childRecords":[],"interuppted":false},{"index":-1,"isIgnoredIfFailed":false,"type":"TEST_STEP","name":"Start listener action : BeforeTestCaseOpenBrowser","message":"Invoke \u0027com.kms.katalon.core.annotation.BeforeTestCase\u0027 method: \u0027ImScan.BeforeTestCaseOpenBrowser(...)\u0027 completed.","description":"","startTime":1523337904667,"endTime":1523337919008,"childRecords":[{"index":1,"isIgnoredIfFailed":false,"type":"TEST_STEP","name":"openBrowser","message":"Browser is opened with url: \u0027http://rsspl51/CSSIMSCANUI/Login/Index\u0027","description":"","startTime":1523337904668,"endTime":1523337917871,"childRecords":[{"testStatus":{"stackTrace":"","statusValue":"WARNING"},"type":"MESSAGE","name":"","message":"A browser is already opened. Closing browser and opening a new one","startTime":1523337904669,"endTime":0,"childRecords":[],"interuppted":false},{"testStatus":{"stackTrace":"","statusValue":"PASSED"},"type":"MESSAGE","name":"","message":"Browser is opened with url: \u0027http://rsspl51/CSSIMSCANUI/Login/Index\u0027","startTime":1523337917870,"endTime":0,"childRecords":[],"interuppted":false}],"interuppted":false},{"index":2,"isIgnoredIfFailed":false,"type":"TEST_STEP","name":"maximizeWindow","message":"Current window maximized","description":"","startTime":1523337917872,"endTime":1523337919003,"childRecords":[{"testStatus":{"stackTrace":"","statusValue":"PASSED"},"type":"MESSAGE","name":"","message":"Current window maximized","startTime":1523337919002,"endTime":0,"childRecords":[],"interuppted":false}],"interuppted":false},{"index":3,"isIgnoredIfFailed":false,"type":"TEST_STEP","name":"Statement - TestID \u003d testCaseContext.getTestCaseId()","description":"","startTime":1523337919003,"endTime":1523337919005,"childRecords":[],"interuppted":false},{"index":4,"isIgnoredIfFailed":false,"type":"TEST_STEP","name":"Statement - println(TestID)","message":"Invoke \u0027com.kms.katalon.core.annotation.BeforeTestCase\u0027 method: \u0027ImScan.BeforeTestCaseOpenBrowser(...)\u0027 completed.","description":"","startTime":1523337919006,"endTime":1523337919008,"childRecords":[],"interuppted":false}],"interuppted":false},{"index":1,"isIgnoredIfFailed":false,"type":"TEST_STEP","name":"setText","message":"Text \u0027Dixita\u0027 is set on object \u0027Object Repository/Login/Page_IMSCAN/input_UserName\u0027","description":"","startTime":1523337919143,"endTime":1523337919979,"childRecords":[{"testStatus":{"stackTrace":"","statusValue":"PASSED"},"type":"MESSAGE","name":"","message":"Text \u0027Dixita\u0027 is set on object \u0027Object Repository/Login/Page_IMSCAN/input_UserName\u0027","startTime":1523337919978,"endTime":0,"childRecords":[],"interuppted":false}],"interuppted":false},{"index":2,"isIgnoredIfFailed":false,"type":"TEST_STEP","name":"setText","message":"Text \u0027Dixita456\u0027 is set on object \u0027Object Repository/Login/Page_IMSCAN/input_Password\u0027","description":"","startTime":1523337919979,"endTime":1523337920201,"childRecords":[{"testStatus":{"stackTrace":"","statusValue":"PASSED"},"type":"MESSAGE","name":"","message":"Text \u0027Dixita456\u0027 is set on object \u0027Object Repository/Login/Page_IMSCAN/input_Password\u0027","startTime":1523337920201,"endTime":0,"childRecords":[],"interuppted":false}],"interuppted":false},{"index":3,"isIgnoredIfFailed":false,"type":"TEST_STEP","name":"click","message":"Object: \u0027Object Repository/Login/Page_IMSCAN/button_Login\u0027 is clicked on","description":"","startTime":1523337920202,"endTime":1523337920319,"childRecords":[{"testStatus":{"stackTrace":"","statusValue":"PASSED"},"type":"MESSAGE","name":"","message":"Object: \u0027Object Repository/Login/Page_IMSCAN/button_Login\u0027 is clicked on","startTime":1523337920319,"endTime":0,"childRecords":[],"interuppted":false}],"interuppted":false},{"index":4,"isIgnoredIfFailed":false,"type":"TEST_STEP","name":"click","message":"Object: \u0027Object Repository/Settings/ClickOnSettings\u0027 is clicked on","description":"","startTime":1523337920321,"endTime":1523337921008,"childRecords":[{"testStatus":{"stackTrace":"","statusValue":"PASSED"},"type":"MESSAGE","name":"","message":"Object: \u0027Object Repository/Settings/ClickOnSettings\u0027 is clicked on","startTime":1523337921007,"endTime":0,"childRecords":[],"interuppted":false}],"interuppted":false},{"index":5,"isIgnoredIfFailed":false,"type":"TEST_STEP","name":"click","message":"Object: \u0027Object Repository/Settings/ClickOnEmailSettings\u0027 is clicked on","description":"","startTime":1523337921008,"endTime":1523337921667,"childRecords":[{"testStatus":{"stackTrace":"","statusValue":"PASSED"},"type":"MESSAGE","name":"","message":"Object: \u0027Object Repository/Settings/ClickOnEmailSettings\u0027 is clicked on","startTime":1523337921666,"endTime":0,"childRecords":[],"interuppted":false}],"interuppted":false},{"index":6,"isIgnoredIfFailed":false,"type":"TEST_STEP","name":"delay","message":"Delayed 2 second(s)","description":"","startTime":1523337921667,"endTime":1523337923669,"childRecords":[{"testStatus":{"stackTrace":"","statusValue":"PASSED"},"type":"MESSAGE","name":"","message":"Delayed 2 second(s)","startTime":1523337923668,"endTime":0,"childRecords":[],"interuppted":false}],"interuppted":false},{"index":7,"isIgnoredIfFailed":false,"type":"TEST_STEP","name":"click","message":"Object: \u0027Object Repository/Settings/ClickOnEmailSettings\u0027 is clicked on","description":"","startTime":1523337923669,"endTime":1523337923779,"childRecords":[{"testStatus":{"stackTrace":"","statusValue":"PASSED"},"type":"MESSAGE","name":"","message":"Object: \u0027Object Repository/Settings/ClickOnEmailSettings\u0027 is clicked on","startTime":1523337923779,"endTime":0,"childRecords":[],"interuppted":false}],"interuppted":false},{"index":8,"isIgnoredIfFailed":false,"type":"TEST_STEP","name":"click","message":"Object: \u0027Object Repository/Settings/AddEmailSettings\u0027 is clicked on","description":"","startTime":1523337923780,"endTime":1523337924027,"childRecords":[{"testStatus":{"stackTrace":"","statusValue":"PASSED"},"type":"MESSAGE","name":"","message":"Object: \u0027Object Repository/Settings/AddEmailSettings\u0027 is clicked on","startTime":1523337924027,"endTime":0,"childRecords":[],"interuppted":false}],"interuppted":false},{"index":9,"isIgnoredIfFailed":false,"type":"TEST_STEP","name":"focus","message":"Object: \u0027Object Repository/Settings/EmailSettingsPopUp\u0027 is focused","description":"","startTime":1523337924028,"endTime":1523337924108,"childRecords":[{"testStatus":{"stackTrace":"","statusValue":"PASSED"},"type":"MESSAGE","name":"","message":"Object: \u0027Object Repository/Settings/EmailSettingsPopUp\u0027 is focused","startTime":1523337924107,"endTime":0,"childRecords":[],"interuppted":false}],"interuppted":false},{"index":10,"isIgnoredIfFailed":false,"type":"TEST_STEP","name":"delay","message":"Delayed 3 second(s)","description":"","startTime":1523337924108,"endTime":1523337927110,"childRecords":[{"testStatus":{"stackTrace":"","statusValue":"PASSED"},"type":"MESSAGE","name":"","message":"Delayed 3 second(s)","startTime":1523337927109,"endTime":0,"childRecords":[],"interuppted":false}],"interuppted":false},{"index":11,"isIgnoredIfFailed":false,"type":"TEST_STEP","name":"setText","message":"Text \u0027Steve@gmail.com\u0027 is set on object \u0027Object Repository/Settings/Email\u0027","description":"","startTime":1523337927110,"endTime":1523337927322,"childRecords":[{"testStatus":{"stackTrace":"","statusValue":"PASSED"},"type":"MESSAGE","name":"","message":"Text \u0027Steve@gmail.com\u0027 is set on object \u0027Object Repository/Settings/Email\u0027","startTime":1523337927322,"endTime":0,"childRecords":[],"interuppted":false}],"interuppted":false},{"index":12,"isIgnoredIfFailed":false,"type":"TEST_STEP","name":"setText","message":"Text \u0027123456\u0027 is set on object \u0027Object Repository/Settings/Password\u0027","description":"","startTime":1523337927323,"endTime":1523337927439,"childRecords":[{"testStatus":{"stackTrace":"","statusValue":"PASSED"},"type":"MESSAGE","name":"","message":"Text \u0027123456\u0027 is set on object \u0027Object Repository/Settings/Password\u0027","startTime":1523337927438,"endTime":0,"childRecords":[],"interuppted":false}],"interuppted":false},{"index":13,"isIgnoredIfFailed":false,"type":"TEST_STEP","name":"click","message":"Object: \u0027Object Repository/Settings/SaveButton\u0027 is clicked on","description":"","startTime":1523337927439,"endTime":1523337927514,"childRecords":[{"testStatus":{"stackTrace":"","statusValue":"PASSED"},"type":"MESSAGE","name":"","message":"Object: \u0027Object Repository/Settings/SaveButton\u0027 is clicked on","startTime":1523337927514,"endTime":0,"childRecords":[],"interuppted":false}],"interuppted":false},{"testStatus":{"stackTrace":"","statusValue":"PASSED"},"type":"MESSAGE","name":"","message":"Test Cases/Smoke/TC-46","startTime":1523337927514,"endTime":0,"childRecords":[],"interuppted":false},{"index":-1,"isIgnoredIfFailed":false,"type":"TEST_STEP","name":"Start listener action : AfterTestCaseCloseBrowser","message":"Invoke \u0027com.kms.katalon.core.annotation.AfterTestCase\u0027 method: \u0027ImScan.AfterTestCaseCloseBrowser(...)\u0027 completed.","description":"","startTime":1523337927515,"endTime":1523337927515,"childRecords":[],"interuppted":false}],"interuppted":false},{"isOptional":false,"type":"TEST_CASE","name":"Test Cases/Smoke/TC-86","id":"Test Cases/Smoke/TC-86","source":"C:\\\\Users\\\\Dikshita\\\\git\\\\imscanredev\\\\Test Cases\\\\Smoke\\\\TC-86.tc","message":"Invoke \u0027com.kms.katalon.core.annotation.AfterTestCase\u0027 method: \u0027ImScan.AfterTestCaseCloseBrowser(...)\u0027 completed.","description":"","startTime":1523337927522,"endTime":1523337938558,"childRecords":[{"testStatus":{"stackTrace":"","statusValue":"INFO"},"type":"MESSAGE","name":"","message":"Evaluating variables for test case","startTime":1523337927530,"endTime":0,"childRecords":[],"interuppted":false},{"index":-1,"isIgnoredIfFailed":false,"type":"TEST_STEP","name":"Start listener action : BeforeTestCaseOpenBrowser","message":"Invoke \u0027com.kms.katalon.core.annotation.BeforeTestCase\u0027 method: \u0027ImScan.BeforeTestCaseOpenBrowser(...)\u0027 completed.","description":"","startTime":1523337927530,"endTime":1523337932286,"childRecords":[{"index":1,"isIgnoredIfFailed":false,"type":"TEST_STEP","name":"openBrowser","message":"Browser is opened with url: \u0027http://rsspl51/CSSIMSCANUI/Login/Index\u0027","description":"","startTime":1523337927531,"endTime":1523337931132,"childRecords":[{"testStatus":{"stackTrace":"","statusValue":"WARNING"},"type":"MESSAGE","name":"","message":"A browser is already opened. Closing browser and opening a new one","startTime":1523337927531,"endTime":0,"childRecords":[],"interuppted":false},{"testStatus":{"stackTrace":"","statusValue":"PASSED"},"type":"MESSAGE","name":"","message":"Browser is opened with url: \u0027http://rsspl51/CSSIMSCANUI/Login/Index\u0027","startTime":1523337931131,"endTime":0,"childRecords":[],"interuppted":false}],"interuppted":false},{"index":2,"isIgnoredIfFailed":false,"type":"TEST_STEP","name":"maximizeWindow","message":"Current window maximized","description":"","startTime":1523337931132,"endTime":1523337932286,"childRecords":[{"testStatus":{"stackTrace":"","statusValue":"PASSED"},"type":"MESSAGE","name":"","message":"Current window maximized","startTime":1523337932285,"endTime":0,"childRecords":[],"interuppted":false}],"interuppted":false},{"index":3,"isIgnoredIfFailed":false,"type":"TEST_STEP","name":"Statement - TestID \u003d testCaseContext.getTestCaseId()","description":"","startTime":1523337932286,"endTime":1523337932286,"childRecords":[],"interuppted":false},{"index":4,"isIgnoredIfFailed":false,"type":"TEST_STEP","name":"Statement - println(TestID)","message":"Invoke \u0027com.kms.katalon.core.annotation.BeforeTestCase\u0027 method: \u0027ImScan.BeforeTestCaseOpenBrowser(...)\u0027 completed.","description":"","startTime":1523337932286,"endTime":1523337932286,"childRecords":[],"interuppted":false}],"interuppted":false},{"index":1,"isIgnoredIfFailed":false,"type":"TEST_STEP","name":"setText","message":"Text \u0027Dixita\u0027 is set on object \u0027Object Repository/Login/Page_IMSCAN/input_UserName\u0027","description":"","startTime":1523337932414,"endTime":1523337932632,"childRecords":[{"testStatus":{"stackTrace":"","statusValue":"PASSED"},"type":"MESSAGE","name":"","message":"Text \u0027Dixita\u0027 is set on object \u0027Object Repository/Login/Page_IMSCAN/input_UserName\u0027","startTime":1523337932631,"endTime":0,"childRecords":[],"interuppted":false}],"interuppted":false},{"index":2,"isIgnoredIfFailed":false,"type":"TEST_STEP","name":"setText","message":"Text \u0027Dixita456\u0027 is set on object \u0027Object Repository/Login/Page_IMSCAN/input_Password\u0027","description":"","startTime":1523337932632,"endTime":1523337932818,"childRecords":[{"testStatus":{"stackTrace":"","statusValue":"PASSED"},"type":"MESSAGE","name":"","message":"Text \u0027Dixita456\u0027 is set on object \u0027Object Repository/Login/Page_IMSCAN/input_Password\u0027","startTime":1523337932818,"endTime":0,"childRecords":[],"interuppted":false}],"interuppted":false},{"index":3,"isIgnoredIfFailed":false,"type":"TEST_STEP","name":"click","message":"Object: \u0027Object Repository/Login/Page_IMSCAN/button_Login\u0027 is clicked on","description":"","startTime":1523337932818,"endTime":1523337932941,"childRecords":[{"testStatus":{"stackTrace":"","statusValue":"PASSED"},"type":"MESSAGE","name":"","message":"Object: \u0027Object Repository/Login/Page_IMSCAN/button_Login\u0027 is clicked on","startTime":1523337932940,"endTime":0,"childRecords":[],"interuppted":false}],"interuppted":false},{"index":4,"isIgnoredIfFailed":false,"type":"TEST_STEP","name":"click","message":"Object: \u0027Object Repository/Settings/ClickOnSettings\u0027 is clicked on","description":"","startTime":1523337932941,"endTime":1523337933582,"childRecords":[{"testStatus":{"stackTrace":"","statusValue":"PASSED"},"type":"MESSAGE","name":"","message":"Object: \u0027Object Repository/Settings/ClickOnSettings\u0027 is clicked on","startTime":1523337933582,"endTime":0,"childRecords":[],"interuppted":false}],"interuppted":false},{"index":5,"isIgnoredIfFailed":false,"type":"TEST_STEP","name":"click","message":"Object: \u0027Object Repository/Settings/ClickOnSMTPsettings\u0027 is clicked on","description":"","startTime":1523337933583,"endTime":1523337933731,"childRecords":[{"testStatus":{"stackTrace":"","statusValue":"PASSED"},"type":"MESSAGE","name":"","message":"Object: \u0027Object Repository/Settings/ClickOnSMTPsettings\u0027 is clicked on","startTime":1523337933730,"endTime":0,"childRecords":[],"interuppted":false}],"interuppted":false},{"index":6,"isIgnoredIfFailed":false,"type":"TEST_STEP","name":"click","message":"Object: \u0027Object Repository/Settings/AddSMTPsettings\u0027 is clicked on","description":"","startTime":1523337933731,"endTime":1523337934379,"childRecords":[{"testStatus":{"stackTrace":"","statusValue":"PASSED"},"type":"MESSAGE","name":"","message":"Object: \u0027Object Repository/Settings/AddSMTPsettings\u0027 is clicked on","startTime":1523337934379,"endTime":0,"childRecords":[],"interuppted":false}],"interuppted":false},{"index":7,"isIgnoredIfFailed":false,"type":"TEST_STEP","name":"focus","message":"Object: \u0027Object Repository/Settings/AddSMTPPopup\u0027 is focused","description":"","startTime":1523337934380,"endTime":1523337934453,"childRecords":[{"testStatus":{"stackTrace":"","statusValue":"PASSED"},"type":"MESSAGE","name":"","message":"Object: \u0027Object Repository/Settings/AddSMTPPopup\u0027 is focused","startTime":1523337934453,"endTime":0,"childRecords":[],"interuppted":false}],"interuppted":false},{"index":8,"isIgnoredIfFailed":false,"type":"TEST_STEP","name":"delay","message":"Delayed 3 second(s)","description":"","startTime":1523337934453,"endTime":1523337937456,"childRecords":[{"testStatus":{"stackTrace":"","statusValue":"PASSED"},"type":"MESSAGE","name":"","message":"Delayed 3 second(s)","startTime":1523337937455,"endTime":0,"childRecords":[],"interuppted":false}],"interuppted":false},{"index":9,"isIgnoredIfFailed":false,"type":"TEST_STEP","name":"setText","message":"Text \u002716\u0027 is set on object \u0027Object Repository/Settings/IncomingServerName\u0027","description":"","startTime":1523337937456,"endTime":1523337937637,"childRecords":[{"testStatus":{"stackTrace":"","statusValue":"PASSED"},"type":"MESSAGE","name":"","message":"Text \u002716\u0027 is set on object \u0027Object Repository/Settings/IncomingServerName\u0027","startTime":1523337937637,"endTime":0,"childRecords":[],"interuppted":false}],"interuppted":false},{"index":10,"isIgnoredIfFailed":false,"type":"TEST_STEP","name":"setText","message":"Text \u002716\u0027 is set on object \u0027Object Repository/Settings/OutgoingServerName\u0027","description":"","startTime":1523337937638,"endTime":1523337937796,"childRecords":[{"testStatus":{"stackTrace":"","statusValue":"PASSED"},"type":"MESSAGE","name":"","message":"Text \u002716\u0027 is set on object \u0027Object Repository/Settings/OutgoingServerName\u0027","startTime":1523337937796,"endTime":0,"childRecords":[],"interuppted":false}],"interuppted":false},{"index":11,"isIgnoredIfFailed":false,"type":"TEST_STEP","name":"setText","message":"Text \u002716\u0027 is set on object \u0027Object Repository/Settings/IncomingIncrytionMethod\u0027","description":"","startTime":1523337937797,"endTime":1523337938014,"childRecords":[{"testStatus":{"stackTrace":"","statusValue":"PASSED"},"type":"MESSAGE","name":"","message":"Text \u002716\u0027 is set on object \u0027Object Repository/Settings/IncomingIncrytionMethod\u0027","startTime":1523337938013,"endTime":0,"childRecords":[],"interuppted":false}],"interuppted":false},{"index":12,"isIgnoredIfFailed":false,"type":"TEST_STEP","name":"setText","message":"Text \u002716\u0027 is set on object \u0027Object Repository/Settings/OutgoingIncryptionMethod\u0027","description":"","startTime":1523337938015,"endTime":1523337938161,"childRecords":[{"testStatus":{"stackTrace":"","statusValue":"PASSED"},"type":"MESSAGE","name":"","message":"Text \u002716\u0027 is set on object \u0027Object Repository/Settings/OutgoingIncryptionMethod\u0027","startTime":1523337938160,"endTime":0,"childRecords":[],"interuppted":false}],"interuppted":false},{"index":13,"isIgnoredIfFailed":false,"type":"TEST_STEP","name":"setText","message":"Text \u0027DummyName16\u0027 is set on object \u0027Object Repository/Settings/UserName\u0027","description":"","startTime":1523337938161,"endTime":1523337938340,"childRecords":[{"testStatus":{"stackTrace":"","statusValue":"PASSED"},"type":"MESSAGE","name":"","message":"Text \u0027DummyName16\u0027 is set on object \u0027Object Repository/Settings/UserName\u0027","startTime":1523337938340,"endTime":0,"childRecords":[],"interuppted":false}],"interuppted":false},{"index":14,"isIgnoredIfFailed":false,"type":"TEST_STEP","name":"setText","message":"Text \u0027123\u0027 is set on object \u0027Object Repository/Settings/Password\u0027","description":"","startTime":1523337938340,"endTime":1523337938455,"childRecords":[{"testStatus":{"stackTrace":"","statusValue":"PASSED"},"type":"MESSAGE","name":"","message":"Text \u0027123\u0027 is set on object \u0027Object Repository/Settings/Password\u0027","startTime":1523337938454,"endTime":0,"childRecords":[],"interuppted":false}],"interuppted":false},{"index":15,"isIgnoredIfFailed":false,"type":"TEST_STEP","name":"click","message":"Object: \u0027Object Repository/Settings/SaveButton\u0027 is clicked on","description":"","startTime":1523337938455,"endTime":1523337938556,"childRecords":[{"testStatus":{"stackTrace":"","statusValue":"PASSED"},"type":"MESSAGE","name":"","message":"Object: \u0027Object Repository/Settings/SaveButton\u0027 is clicked on","startTime":1523337938555,"endTime":0,"childRecords":[],"interuppted":false}],"interuppted":false},{"testStatus":{"stackTrace":"","statusValue":"PASSED"},"type":"MESSAGE","name":"","message":"Test Cases/Smoke/TC-86","startTime":1523337938556,"endTime":0,"childRecords":[],"interuppted":false},{"index":-1,"isIgnoredIfFailed":false,"type":"TEST_STEP","name":"Start listener action : AfterTestCaseCloseBrowser","message":"Invoke \u0027com.kms.katalon.core.annotation.AfterTestCase\u0027 method: \u0027ImScan.AfterTestCaseCloseBrowser(...)\u0027 completed.","description":"","startTime":1523337938557,"endTime":1523337938558,"childRecords":[],"interuppted":false}],"interuppted":false},{"isOptional":false,"type":"TEST_CASE","name":"Test Cases/Smoke/TC-91","id":"Test Cases/Smoke/TC-91","source":"C:\\\\Users\\\\Dikshita\\\\git\\\\imscanredev\\\\Test Cases\\\\Smoke\\\\TC-91.tc","message":"Invoke \u0027com.kms.katalon.core.annotation.AfterTestCase\u0027 method: \u0027ImScan.AfterTestCaseCloseBrowser(...)\u0027 completed.","description":"","startTime":1523337938561,"endTime":1523337960172,"childRecords":[{"testStatus":{"stackTrace":"","statusValue":"INFO"},"type":"MESSAGE","name":"","message":"Evaluating variables for test case","startTime":1523337938571,"endTime":0,"childRecords":[],"interuppted":false},{"index":-1,"isIgnoredIfFailed":false,"type":"TEST_STEP","name":"Start listener action : BeforeTestCaseOpenBrowser","message":"Invoke \u0027com.kms.katalon.core.annotation.BeforeTestCase\u0027 method: \u0027ImScan.BeforeTestCaseOpenBrowser(...)\u0027 completed.","description":"","startTime":1523337938571,"endTime":1523337943384,"childRecords":[{"index":1,"isIgnoredIfFailed":false,"type":"TEST_STEP","name":"openBrowser","message":"Browser is opened with url: \u0027http://rsspl51/CSSIMSCANUI/Login/Index\u0027","description":"","startTime":1523337938572,"endTime":1523337942208,"childRecords":[{"testStatus":{"stackTrace":"","statusValue":"WARNING"},"type":"MESSAGE","name":"","message":"A browser is already opened. Closing browser and opening a new one","startTime":1523337938573,"endTime":0,"childRecords":[],"interuppted":false},{"testStatus":{"stackTrace":"","statusValue":"PASSED"},"type":"MESSAGE","name":"","message":"Browser is opened with url: \u0027http://rsspl51/CSSIMSCANUI/Login/Index\u0027","startTime":1523337942207,"endTime":0,"childRecords":[],"interuppted":false}],"interuppted":false},{"index":2,"isIgnoredIfFailed":false,"type":"TEST_STEP","name":"maximizeWindow","message":"Current window maximized","description":"","startTime":1523337942208,"endTime":1523337943383,"childRecords":[{"testStatus":{"stackTrace":"","statusValue":"PASSED"},"type":"MESSAGE","name":"","message":"Current window maximized","startTime":1523337943383,"endTime":0,"childRecords":[],"interuppted":false}],"interuppted":false},{"index":3,"isIgnoredIfFailed":false,"type":"TEST_STEP","name":"Statement - TestID \u003d testCaseContext.getTestCaseId()","description":"","startTime":1523337943383,"endTime":1523337943384,"childRecords":[],"interuppted":false},{"index":4,"isIgnoredIfFailed":false,"type":"TEST_STEP","name":"Statement - println(TestID)","message":"Invoke \u0027com.kms.katalon.core.annotation.BeforeTestCase\u0027 method: \u0027ImScan.BeforeTestCaseOpenBrowser(...)\u0027 completed.","description":"","startTime":1523337943384,"endTime":1523337943384,"childRecords":[],"interuppted":false}],"interuppted":false},{"index":1,"isIgnoredIfFailed":false,"type":"TEST_STEP","name":"setText","message":"Text \u0027Dixita\u0027 is set on object \u0027Object Repository/Login/Page_IMSCAN/input_UserName\u0027","description":"","startTime":1523337943512,"endTime":1523337943665,"childRecords":[{"testStatus":{"stackTrace":"","statusValue":"PASSED"},"type":"MESSAGE","name":"","message":"Text \u0027Dixita\u0027 is set on object \u0027Object Repository/Login/Page_IMSCAN/input_UserName\u0027","startTime":1523337943665,"endTime":0,"childRecords":[],"interuppted":false}],"interuppted":false},{"index":2,"isIgnoredIfFailed":false,"type":"TEST_STEP","name":"setText","message":"Text \u0027Dixita456\u0027 is set on object \u0027Object Repository/Login/Page_IMSCAN/input_Password\u0027","description":"","startTime":1523337943665,"endTime":1523337943858,"childRecords":[{"testStatus":{"stackTrace":"","statusValue":"PASSED"},"type":"MESSAGE","name":"","message":"Text \u0027Dixita456\u0027 is set on object \u0027Object Repository/Login/Page_IMSCAN/input_Password\u0027","startTime":1523337943858,"endTime":0,"childRecords":[],"interuppted":false}],"interuppted":false},{"index":3,"isIgnoredIfFailed":false,"type":"TEST_STEP","name":"click","message":"Object: \u0027Object Repository/Login/Page_IMSCAN/button_Login\u0027 is clicked on","description":"","startTime":1523337943858,"endTime":1523337943983,"childRecords":[{"testStatus":{"stackTrace":"","statusValue":"PASSED"},"type":"MESSAGE","name":"","message":"Object: \u0027Object Repository/Login/Page_IMSCAN/button_Login\u0027 is clicked on","startTime":1523337943983,"endTime":0,"childRecords":[],"interuppted":false}],"interuppted":false},{"index":4,"isIgnoredIfFailed":false,"type":"TEST_STEP","name":"click","message":"Object: \u0027Object Repository/Settings/ClickOnSettings\u0027 is clicked on","description":"","startTime":1523337943983,"endTime":1523337944647,"childRecords":[{"testStatus":{"stackTrace":"","statusValue":"PASSED"},"type":"MESSAGE","name":"","message":"Object: \u0027Object Repository/Settings/ClickOnSettings\u0027 is clicked on","startTime":1523337944646,"endTime":0,"childRecords":[],"interuppted":false}],"interuppted":false},{"index":5,"isIgnoredIfFailed":false,"type":"TEST_STEP","name":"click","message":"Object: \u0027Object Repository/Settings/ClickOnSMTPsettings\u0027 is clicked on","description":"","startTime":1523337944647,"endTime":1523337944769,"childRecords":[{"testStatus":{"stackTrace":"","statusValue":"PASSED"},"type":"MESSAGE","name":"","message":"Object: \u0027Object Repository/Settings/ClickOnSMTPsettings\u0027 is clicked on","startTime":1523337944768,"endTime":0,"childRecords":[],"interuppted":false}],"interuppted":false},{"index":6,"isIgnoredIfFailed":false,"type":"TEST_STEP","name":"click","message":"Object: \u0027Object Repository/Settings/AddSMTPsettings\u0027 is clicked on","description":"","startTime":1523337944769,"endTime":1523337944941,"childRecords":[{"testStatus":{"stackTrace":"","statusValue":"PASSED"},"type":"MESSAGE","name":"","message":"Object: \u0027Object Repository/Settings/AddSMTPsettings\u0027 is clicked on","startTime":1523337944940,"endTime":0,"childRecords":[],"interuppted":false}],"interuppted":false},{"index":7,"isIgnoredIfFailed":false,"type":"TEST_STEP","name":"focus","message":"Object: \u0027Object Repository/Settings/AddSMTPPopup\u0027 is focused","description":"","startTime":1523337944941,"endTime":1523337945001,"childRecords":[{"testStatus":{"stackTrace":"","statusValue":"PASSED"},"type":"MESSAGE","name":"","message":"Object: \u0027Object Repository/Settings/AddSMTPPopup\u0027 is focused","startTime":1523337945000,"endTime":0,"childRecords":[],"interuppted":false}],"interuppted":false},{"index":8,"isIgnoredIfFailed":false,"type":"TEST_STEP","name":"delay","message":"Delayed 3 second(s)","description":"","startTime":1523337945001,"endTime":1523337948004,"childRecords":[{"testStatus":{"stackTrace":"","statusValue":"PASSED"},"type":"MESSAGE","name":"","message":"Delayed 3 second(s)","startTime":1523337948003,"endTime":0,"childRecords":[],"interuppted":false}],"interuppted":false},{"index":9,"isIgnoredIfFailed":false,"type":"TEST_STEP","name":"setText","message":"Text \u002723\u0027 is set on object \u0027Object Repository/Settings/IncomingServerName\u0027","description":"","startTime":1523337948004,"endTime":1523337948175,"childRecords":[{"testStatus":{"stackTrace":"","statusValue":"PASSED"},"type":"MESSAGE","name":"","message":"Text \u002723\u0027 is set on object \u0027Object Repository/Settings/IncomingServerName\u0027","startTime":1523337948174,"endTime":0,"childRecords":[],"interuppted":false}],"interuppted":false},{"index":10,"isIgnoredIfFailed":false,"type":"TEST_STEP","name":"setText","message":"Text \u002723\u0027 is set on object \u0027Object Repository/Settings/OutgoingServerName\u0027","description":"","startTime":1523337948175,"endTime":1523337948274,"childRecords":[{"testStatus":{"stackTrace":"","statusValue":"PASSED"},"type":"MESSAGE","name":"","message":"Text \u002723\u0027 is set on object \u0027Object Repository/Settings/OutgoingServerName\u0027","startTime":1523337948273,"endTime":0,"childRecords":[],"interuppted":false}],"interuppted":false},{"index":11,"isIgnoredIfFailed":false,"type":"TEST_STEP","name":"setText","message":"Text \u002723\u0027 is set on object \u0027Object Repository/Settings/IncomingIncrytionMethod\u0027","description":"","startTime":1523337948274,"endTime":1523337948388,"childRecords":[{"testStatus":{"stackTrace":"","statusValue":"PASSED"},"type":"MESSAGE","name":"","message":"Text \u002723\u0027 is set on object \u0027Object Repository/Settings/IncomingIncrytionMethod\u0027","startTime":1523337948388,"endTime":0,"childRecords":[],"interuppted":false}],"interuppted":false},{"index":12,"isIgnoredIfFailed":false,"type":"TEST_STEP","name":"setText","message":"Text \u002723\u0027 is set on object \u0027Object Repository/Settings/OutgoingIncryptionMethod\u0027","description":"","startTime":1523337948388,"endTime":1523337948572,"childRecords":[{"testStatus":{"stackTrace":"","statusValue":"PASSED"},"type":"MESSAGE","name":"","message":"Text \u002723\u0027 is set on object \u0027Object Repository/Settings/OutgoingIncryptionMethod\u0027","startTime":1523337948572,"endTime":0,"childRecords":[],"interuppted":false}],"interuppted":false},{"index":13,"isIgnoredIfFailed":false,"type":"TEST_STEP","name":"setText","message":"Text \u0027DummyName23\u0027 is set on object \u0027Object Repository/Settings/UserName\u0027","description":"","startTime":1523337948573,"endTime":1523337948821,"childRecords":[{"testStatus":{"stackTrace":"","statusValue":"PASSED"},"type":"MESSAGE","name":"","message":"Text \u0027DummyName23\u0027 is set on object \u0027Object Repository/Settings/UserName\u0027","startTime":1523337948820,"endTime":0,"childRecords":[],"interuppted":false}],"interuppted":false},{"index":14,"isIgnoredIfFailed":false,"type":"TEST_STEP","name":"setText","message":"Text \u0027123\u0027 is set on object \u0027Object Repository/Settings/Password\u0027","description":"","startTime":1523337948822,"endTime":1523337948970,"childRecords":[{"testStatus":{"stackTrace":"","statusValue":"PASSED"},"type":"MESSAGE","name":"","message":"Text \u0027123\u0027 is set on object \u0027Object Repository/Settings/Password\u0027","startTime":1523337948969,"endTime":0,"childRecords":[],"interuppted":false}],"interuppted":false},{"index":15,"isIgnoredIfFailed":false,"type":"TEST_STEP","name":"click","message":"Object: \u0027Object Repository/Settings/SaveButton\u0027 is clicked on","description":"","startTime":1523337948970,"endTime":1523337949096,"childRecords":[{"testStatus":{"stackTrace":"","statusValue":"PASSED"},"type":"MESSAGE","name":"","message":"Object: \u0027Object Repository/Settings/SaveButton\u0027 is clicked on","startTime":1523337949096,"endTime":0,"childRecords":[],"interuppted":false}],"interuppted":false},{"index":16,"isIgnoredIfFailed":false,"type":"TEST_STEP","name":"delay","message":"Delayed 5 second(s)","description":"","startTime":1523337949097,"endTime":1523337954099,"childRecords":[{"testStatus":{"stackTrace":"","statusValue":"PASSED"},"type":"MESSAGE","name":"","message":"Delayed 5 second(s)","startTime":1523337954098,"endTime":0,"childRecords":[],"interuppted":false}],"interuppted":false},{"index":17,"isIgnoredIfFailed":false,"type":"TEST_STEP","name":"click","message":"Object: \u0027Object Repository/Settings/AddSMTPsettings\u0027 is clicked on","description":"","startTime":1523337954100,"endTime":1523337954212,"childRecords":[{"testStatus":{"stackTrace":"","statusValue":"PASSED"},"type":"MESSAGE","name":"","message":"Object: \u0027Object Repository/Settings/AddSMTPsettings\u0027 is clicked on","startTime":1523337954211,"endTime":0,"childRecords":[],"interuppted":false}],"interuppted":false},{"index":18,"isIgnoredIfFailed":false,"type":"TEST_STEP","name":"focus","message":"Object: \u0027Object Repository/Settings/AddSMTPPopup\u0027 is focused","description":"","startTime":1523337954212,"endTime":1523337954265,"childRecords":[{"testStatus":{"stackTrace":"","statusValue":"PASSED"},"type":"MESSAGE","name":"","message":"Object: \u0027Object Repository/Settings/AddSMTPPopup\u0027 is focused","startTime":1523337954265,"endTime":0,"childRecords":[],"interuppted":false}],"interuppted":false},{"index":19,"isIgnoredIfFailed":false,"type":"TEST_STEP","name":"delay","message":"Delayed 3 second(s)","description":"","startTime":1523337954265,"endTime":1523337957266,"childRecords":[{"testStatus":{"stackTrace":"","statusValue":"PASSED"},"type":"MESSAGE","name":"","message":"Delayed 3 second(s)","startTime":1523337957266,"endTime":0,"childRecords":[],"interuppted":false}],"interuppted":false},{"index":20,"isIgnoredIfFailed":false,"type":"TEST_STEP","name":"setText","message":"Text \u002723\u0027 is set on object \u0027Object Repository/Settings/IncomingServerName\u0027","description":"","startTime":1523337957267,"endTime":1523337957398,"childRecords":[{"testStatus":{"stackTrace":"","statusValue":"PASSED"},"type":"MESSAGE","name":"","message":"Text \u002723\u0027 is set on object \u0027Object Repository/Settings/IncomingServerName\u0027","startTime":1523337957397,"endTime":0,"childRecords":[],"interuppted":false}],"interuppted":false},{"index":21,"isIgnoredIfFailed":false,"type":"TEST_STEP","name":"setText","message":"Text \u002723\u0027 is set on object \u0027Object Repository/Settings/OutgoingServerName\u0027","description":"","startTime":1523337957398,"endTime":1523337957503,"childRecords":[{"testStatus":{"stackTrace":"","statusValue":"PASSED"},"type":"MESSAGE","name":"","message":"Text \u002723\u0027 is set on object \u0027Object Repository/Settings/OutgoingServerName\u0027","startTime":1523337957503,"endTime":0,"childRecords":[],"interuppted":false}],"interuppted":false},{"index":22,"isIgnoredIfFailed":false,"type":"TEST_STEP","name":"setText","message":"Text \u002723\u0027 is set on object \u0027Object Repository/Settings/IncomingIncrytionMethod\u0027","description":"","startTime":1523337957503,"endTime":1523337957619,"childRecords":[{"testStatus":{"stackTrace":"","statusValue":"PASSED"},"type":"MESSAGE","name":"","message":"Text \u002723\u0027 is set on object \u0027Object Repository/Settings/IncomingIncrytionMethod\u0027","startTime":1523337957618,"endTime":0,"childRecords":[],"interuppted":false}],"interuppted":false},{"index":23,"isIgnoredIfFailed":false,"type":"TEST_STEP","name":"setText","message":"Text \u002723\u0027 is set on object \u0027Object Repository/Settings/OutgoingIncryptionMethod\u0027","description":"","startTime":1523337957619,"endTime":1523337957694,"childRecords":[{"testStatus":{"stackTrace":"","statusValue":"PASSED"},"type":"MESSAGE","name":"","message":"Text \u002723\u0027 is set on object \u0027Object Repository/Settings/OutgoingIncryptionMethod\u0027","startTime":1523337957694,"endTime":0,"childRecords":[],"interuppted":false}],"interuppted":false},{"index":24,"isIgnoredIfFailed":false,"type":"TEST_STEP","name":"setText","message":"Text \u0027DummyName23\u0027 is set on object \u0027Object Repository/Settings/UserName\u0027","description":"","startTime":1523337957695,"endTime":1523337957853,"childRecords":[{"testStatus":{"stackTrace":"","statusValue":"PASSED"},"type":"MESSAGE","name":"","message":"Text \u0027DummyName23\u0027 is set on object \u0027Object Repository/Settings/UserName\u0027","startTime":1523337957852,"endTime":0,"childRecords":[],"interuppted":false}],"interuppted":false},{"index":25,"isIgnoredIfFailed":false,"type":"TEST_STEP","name":"setText","message":"Text \u0027123\u0027 is set on object \u0027Object Repository/Settings/Password\u0027","description":"","startTime":1523337957853,"endTime":1523337957941,"childRecords":[{"testStatus":{"stackTrace":"","statusValue":"PASSED"},"type":"MESSAGE","name":"","message":"Text \u0027123\u0027 is set on object \u0027Object Repository/Settings/Password\u0027","startTime":1523337957940,"endTime":0,"childRecords":[],"interuppted":false}],"interuppted":false},{"index":26,"isIgnoredIfFailed":false,"type":"TEST_STEP","name":"click","message":"Object: \u0027Object Repository/Settings/SaveButton\u0027 is clicked on","description":"","startTime":1523337957941,"endTime":1523337958007,"childRecords":[{"testStatus":{"stackTrace":"","statusValue":"PASSED"},"type":"MESSAGE","name":"","message":"Object: \u0027Object Repository/Settings/SaveButton\u0027 is clicked on","startTime":1523337958006,"endTime":0,"childRecords":[],"interuppted":false}],"interuppted":false},{"index":27,"isIgnoredIfFailed":false,"type":"TEST_STEP","name":"delay","message":"Delayed 2 second(s)","description":"","startTime":1523337958007,"endTime":1523337960008,"childRecords":[{"testStatus":{"stackTrace":"","statusValue":"PASSED"},"type":"MESSAGE","name":"","message":"Delayed 2 second(s)","startTime":1523337960007,"endTime":0,"childRecords":[],"interuppted":false}],"interuppted":false},{"index":28,"isIgnoredIfFailed":false,"type":"TEST_STEP","name":"focus","message":"Object: \u0027Object Repository/Settings/DuplicateSMTPError\u0027 is focused","description":"","startTime":1523337960009,"endTime":1523337960139,"childRecords":[{"testStatus":{"stackTrace":"","statusValue":"PASSED"},"type":"MESSAGE","name":"","message":"Object: \u0027Object Repository/Settings/DuplicateSMTPError\u0027 is focused","startTime":1523337960139,"endTime":0,"childRecords":[],"interuppted":false}],"interuppted":false},{"index":29,"isIgnoredIfFailed":false,"type":"TEST_STEP","name":"Statement - Try","description":"","startTime":1523337960140,"endTime":1523337960170,"childRecords":[{"index":1,"isIgnoredIfFailed":false,"type":"TEST_STEP","name":"Statement - ErrMsg \u003d com.kms.katalon.core.webui.keyword.WebUiBuiltInKeywords.getText(com.kms.katalon.core.testobject.ObjectRepository.findTestObject(Object Repository/Settings/DuplicateSMTPError))","message":"Text of object \u0027Object Repository/Settings/DuplicateSMTPError\u0027 is: \u0027This SMTP settings already exists.\u0027","description":"","startTime":1523337960140,"endTime":1523337960169,"childRecords":[{"testStatus":{"stackTrace":"","statusValue":"PASSED"},"type":"MESSAGE","name":"","message":"Text of object \u0027Object Repository/Settings/DuplicateSMTPError\u0027 is: \u0027This SMTP settings already exists.\u0027","startTime":1523337960169,"endTime":0,"childRecords":[],"interuppted":false}],"interuppted":false},{"index":2,"isIgnoredIfFailed":false,"type":"TEST_STEP","name":"Statement - println(ErrMsg)","description":"","startTime":1523337960169,"endTime":1523337960170,"childRecords":[],"interuppted":false},{"index":3,"isIgnoredIfFailed":false,"type":"TEST_STEP","name":"Statement - println(\"Error Message has been displayed\")","description":"","startTime":1523337960170,"endTime":1523337960170,"childRecords":[],"interuppted":false}],"interuppted":false},{"testStatus":{"stackTrace":"","statusValue":"PASSED"},"type":"MESSAGE","name":"","message":"Test Cases/Smoke/TC-91","startTime":1523337960171,"endTime":0,"childRecords":[],"interuppted":false},{"index":-1,"isIgnoredIfFailed":false,"type":"TEST_STEP","name":"Start listener action : AfterTestCaseCloseBrowser","message":"Invoke \u0027com.kms.katalon.core.annotation.AfterTestCase\u0027 method: \u0027ImScan.AfterTestCaseCloseBrowser(...)\u0027 completed.","description":"","startTime":1523337960171,"endTime":1523337960171,"childRecords":[],"interuppted":false}],"interuppted":false}],"interuppted":false}